Доля 5,Доля 4,Доля 3,Доля 2 последний семестр
42,7,51,11
15,15,0,70
39,26,35,11
4,11,21,61
38,12,0,62
23,32,45,8
61,36,3,0
83,17,0,0
67,17,17,0
12,17,66,33
67,17,17,0
32,38,6,44
33,10,10,90
71,27,2,0
52,27,9,60
90,7,0,0
100,0,0,0
67,17,17,0
25,9,25,38
68,23,9,0
13,12,6,70
71,24,5,0
44,37,19,11
40,30,26,22
56,28,14,0
39,26,35,0
17,4,25,89
27,41,32,0
63,27,10,0
42,24,24,18
100,0,0,0
0,0,12,100
42,16,11,56
72,22,5,0
76,24,0,0
38,25,25,0
14,5,38,75
75,25,0,40
83,17,0,12
90,0,0,11
33,7,31,100
59,22,17,30
67,0,33,0
100,0,0,0
46,33,21,0
28,24,48,0
12,13,44,62
33,21,42,30
67,33,0,0
43,14,43,14
50,33,17,33
33,33,33,12
50,33,17,22
81,14,1,0
38,10,30,22
76,22,2,0
87,4,0,0
100,0,0,0
22,11,67,0
80,20,0,0
98,2,0,0
33,17,33,25
75,0,12,33
38,38,12,0
26,17,50,0
43,56,0,0
33,50,17,0
100,0,0,0
45,13,32,60
50,50,0,12
45,14,41,0
70,26,4,0
61,30,9,0
33,18,31,11
38,22,24,89
62,31,7,0
100,0,0,0
67,33,0,0
38,33,14,100
67,33,0,12
33,17,50,0
33,19,43,8
60,40,0,11
100,0,0,0
56,28,14,0
53,18,22,20
60,40,0,0
40,20,40,80
88,0,12,0
68,23,2,20
33,17,33,22
65,35,0,0
100,0,0,0
56,0,28,12
67,33,0,0
32,43,23,9
47,17,36,0
41,39,20,0
50,38,12,0
50,26,0,47
32,36,9,33
100,0,0,0
100,0,0,0
33,16,36,33
16,14,56,0
22,11,11,43
44,22,33,44
28,33,38,20
31,31,38,0
3,6,23,70
0,0,12,100
100,0,0,40
30,30,38,0
27,19,38,36
42,37,21,0
85,10,6,0
25,25,12,38
27,27,45,0
83,17,0,0
33,17,33,22
62,38,0,0
43,36,17,0
100,0,0,0
50,17,33,0
43,19,33,0
68,32,0,0
100,0,0,0
0,0,60,60
21,13,39,75
5,4,21,70
24,5,43,30
88,12,0,0
67,33,0,0
20,20,20,70
50,0,50,11
28,43,24,22
71,21,7,0
27,27,27,9
67,11,22,30
40,12,24,27
67,33,0,30
86,5,10,0
100,0,0,0
59,34,7,0
100,0,0,0
50,50,0,0
26,35,15,47
62,12,25,0
56,33,11,30
33,10,19,78
38,50,12,86
70,30,0,0
88,4,0,0
80,20,0,0
17,17,33,22
14,0,0,100
63,34,0,27
47,26,3,47
0,0,40,40
82,18,0,0
41,23,36,45
65,35,0,12
75,12,12,0
100,0,0,0
28,0,43,43
71,28,0,0
100,0,0,0
39,11,35,82
53,20,18,12
23,5,73,0
61,16,24,0
45,18,36,27
11,0,0,100
100,0,0,17
64,31,5,0
54,24,22,0
50,33,17,0
83,0,17,0
50,0,50,0
62,12,25,0
24,17,43,22
17,33,33,12
100,0,0,0
60,40,0,0
50,50,0,0
33,38,28,20
42,17,42,12
14,5,77,33
48,43,10,0
45,23,32,0
56,43,0,0
42,20,35,28
23,14,27,50
83,0,17,0
80,20,0,0
40,20,40,0
4,7,20,70
68,9,0,47
27,18,50,0
46,19,20,12
41,32,27,0
71,0,0,0
56,44,0,30
96,4,0,0
33,17,50,0
36,40,24,0
71,28,0,0
28,43,14,14
56,20,22,0
40,60,0,0
67,0,33,0
31,33,28,14
86,14,0,0
36,32,32,0
54,22,25,0
26,23,49,12
100,0,0,0
100,0,0,0
75,12,12,0
90,10,0,25
23,23,55,20
20,17,40,47
32,18,36,64
22,56,22,0
80,20,0,0
23,14,55,33
14,14,38,100
64,19,17,0
26,7,38,100
27,19,46,56
14,26,51,22
32,14,39,62
62,12,25,0
100,0,0,0
28,23,40,27
88,7,1,0
83,17,0,0
32,25,42,0
0,12,0,100
50,17,33,0
71,0,28,0
54,21,25,0
54,27,20,0
50,14,36,18
52,9,30,25
89,11,0,11
54,24,22,0
77,23,0,0
50,38,12,0
36,38,26,0
56,21,0,47
43,36,20,0
100,0,0,0
83,17,0,0
40,0,20,50
50,28,17,0
33,50,17,0
100,0,0,0
38,25,12,50
38,40,13,25
17,33,33,50
17,0,0,100
33,33,28,0
33,17,50,0
95,5,0,0
33,17,50,0
10,9,12,70
50,17,33,22
12,6,53,67
38,24,38,10
18,18,38,60
38,19,31,78
38,25,25,86
33,17,50,0
70,10,20,56
41,35,0,47
33,0,17,44
50,25,25,0
43,28,28,0
0,20,20,80
50,17,33,0
38,19,37,6
83,17,0,0
36,36,27,0
50,0,50,0
67,17,17,12
33,33,33,0
21,26,28,47
67,17,17,0
72,10,18,0
40,20,0,40
76,24,0,0
30,17,22,38
47,24,22,20
37,27,37,0
90,8,0,30
62,17,21,0
95,5,0,0
67,33,0,0
28,0,14,100
50,50,0,0
78,22,0,30
18,12,1,70
50,17,33,0
56,28,14,0
33,33,33,0
25,11,52,38
56,24,17,0
65,6,6,47
86,0,14,0
86,14,0,0
0,0,20,60
28,10,28,57
79,19,2,0
36,9,32,50
80,20,0,0
26,26,26,53
62,38,0,0
4,4,22,70
98,2,0,0
48,28,19,25
100,0,0,0
7,17,7,70
75,12,12,0
100,0,0,0
50,33,17,75
19,10,1,70
45,31,24,22
76,22,3,0
41,23,32,0
19,21,44,44
44,56,0,28
60,40,0,75
39,30,30,0
22,11,0,80
41,48,7,60
70,22,5,17
67,33,0,0
38,38,24,11
88,12,0,0
4,10,15,68
71,6,0,47
78,11,11,30
50,17,33,25
55,19,19,60
76,22,2,0
89,11,0,0
32,41,27,18
28,13,40,33
44,41,15,0
80,20,0,11
30,1,0,70
74,13,13,0
33,33,33,30
88,0,12,0
67,17,17,0
30,51,14,25
52,43,5,0
31,27,33,50
60,20,20,0
12,0,38,0
67,17,17,0
95,5,0,0
59,17,19,0
64,17,19,0
67,17,17,0
48,28,24,12
43,16,41,0
82,18,0,0
92,5,3,0
86,14,0,0
0,14,0,100
52,5,38,0
27,18,50,20
70,26,4,0
56,30,12,0
55,18,27,27
52,38,10,0
38,10,52,0
23,0,77,0
50,0,0,11
100,0,0,0
40,40,20,0
33,33,33,0
64,27,9,0
88,10,0,0
45,39,5,62
32,15,47,18
40,19,40,0
12,0,62,0
60,12,19,20
93,7,0,0
36,28,24,12
56,38,5,0
83,0,17,0
61,35,4,0
99,1,0,0
43,30,14,62
35,26,39,0
83,0,17,0
60,20,20,0
33,17,50,38
7,14,10,70
14,0,0,100
27,20,51,0
33,25,25,90
33,33,0,28
83,0,17,0
70,30,0,0
56,28,14,0
75,12,12,0
4,3,24,70
83,0,17,0
87,13,0,0
33,33,0,56
32,9,55,0
83,17,0,0
55,32,14,0
0,0,0,86
36,26,28,0
38,28,33,0
62,12,25,0
100,0,0,0
80,20,0,0
74,26,0,0
28,28,0,44
88,12,0,0
12,12,50,53
59,27,14,0
43,28,26,0
69,20,7,12
50,33,17,0
80,10,10,12
50,17,33,11
59,32,9,0
62,19,19,0
32,27,41,9
77,16,4,0
33,33,33,0
67,0,33,12
12,0,0,100
86,14,0,0
20,70,10,30
7,14,10,83
73,24,3,0
50,33,17,25
25,38,0,12
77,23,0,0
50,32,18,9
28,10,48,91
31,40,28,0
62,36,2,0
42,45,13,0
75,0,25,0
43,17,32,20
36,27,18,0
45,18,36,9
73,9,18,0
86,14,0,0
17,17,33,12
38,10,38,27
52,19,10,9
74,26,0,0
56,25,18,10
90,10,0,11
71,21,8,0
59,24,17,0
67,24,10,0
50,30,17,9
12,0,0,100
88,12,0,0
32,31,37,0
100,0,0,0
83,17,0,0
41,9,32,91
30,41,20,11
44,34,22,0
44,22,33,30
75,0,25,10
80,20,0,0
64,30,0,20
62,25,12,0
59,18,0,47
100,0,0,0
14,27,30,38
39,24,28,36
52,19,28,0
43,14,43,9
100,0,0,30
28,13,50,40
17,0,17,56
34,14,41,62
71,28,0,17
41,7,41,56
56,39,4,0
4,3,25,89
82,18,0,0
24,7,0,68
50,9,32,45
88,12,0,0
64,5,32,18
25,38,12,22
83,0,17,100
50,17,33,0
24,14,48,55
100,0,0,0
52,34,7,20
89,11,0,0
100,0,0,0
52,33,10,11
50,15,30,0
88,0,12,25
14,14,24,88
80,20,0,0
48,24,19,25
77,18,5,0
100,0,0,0
100,0,0,0
33,17,33,38
83,0,0,11
48,52,0,0
77,18,5,0
36,14,32,0
28,43,14,17
28,5,56,30
28,19,43,45
76,14,10,0
3,9,18,67
97,3,0,0
42,23,35,0
21,38,18,47
32,32,12,47
50,25,25,44
36,14,14,75
86,14,0,0
32,18,32,62
17,17,17,33
5,7,19,85
5,2,25,63
73,23,5,0
56,30,13,38
100,0,0,100
38,24,38,0
32,24,21,47
14,19,14,78
27,18,50,18
62,12,25,0
83,17,0,0
50,25,25,0
80,20,0,0
74,3,0,47
36,19,19,27
39,20,41,0
68,14,18,0
33,0,67,22
50,50,0,0
52,15,32,20
14,5,56,67
45,27,27,27
88,12,0,0
75,12,12,0
100,0,0,0
75,12,12,0
50,33,17,0
33,17,50,0
100,0,0,0
67,33,0,0
44,30,13,0
40,17,43,0
33,0,33,50
38,25,38,0
14,5,28,44
83,0,17,12
25,33,19,47
100,0,0,0
44,33,22,30
27,7,64,33
36,14,36,25
60,10,20,20
68,28,2,0
36,14,50,0
49,41,10,0
68,23,0,0
28,14,56,44
74,9,9,0
56,21,21,0
38,14,48,9
67,33,0,30
60,20,20,0
94,6,0,0
68,20,12,0
23,5,36,71
33,11,56,30
61,17,22,0
31,12,50,64
33,5,28,40
75,12,12,0
79,21,0,0
21,36,43,11
33,33,33,0
31,20,47,30
19,10,67,0
5,5,20,70
50,0,50,14
88,12,0,0
59,19,0,8
80,20,0,0
28,35,12,47
20,20,60,30
50,33,17,0
33,7,56,0
19,5,24,67
41,23,36,27
40,50,10,10
20,60,0,90
56,33,11,30
75,0,25,0
88,0,12,0
62,25,12,0
33,17,50,11
45,18,36,7
50,33,17,11
21,17,54,50
67,17,17,0
81,19,0,0
20,0,0,60
50,32,14,0
33,0,33,88
32,9,59,9
37,30,28,0
45,14,41,20
88,12,0,0
13,22,48,78
68,20,12,0
54,28,17,0
41,32,27,0
90,10,0,0
24,5,67,10
52,5,38,0
38,22,33,18
35,38,19,12
50,0,50,11
61,31,8,0
41,5,36,24
68,9,0,47
50,0,50,0
89,11,0,0
73,27,0,0
62,12,12,25
53,28,18,0
45,19,36,0
41,31,24,11
35,14,51,0
56,28,14,0
75,25,0,40
27,5,36,94
50,27,23,11
62,25,0,22
68,9,0,47
0,25,62,12
24,0,52,40
68,24,7,0
33,56,11,30
33,38,28,11
14,5,67,44
25,16,48,62
24,0,52,55
59,32,9,9
59,24,17,0
50,17,33,0
83,0,17,11
15,13,44,17
44,33,0,12
36,30,33,0
67,17,17,0
25,12,38,70
17,0,50,88
68,28,4,0
60,10,0,11
77,23,0,0
10,33,28,78
55,14,27,0
50,17,33,0
41,39,20,0
100,0,0,0
38,0,0,67
65,12,0,47
33,33,33,11
76,21,2,0
67,0,0,33
67,22,11,30
26,38,31,11
67,0,33,0
43,43,0,0
75,0,25,25
56,15,6,41
26,31,43,0
80,15,5,0
36,14,34,25
73,23,5,0
27,36,27,20
28,28,43,0
67,17,17,0
40,25,25,0
33,50,17,0
67,33,0,0
24,0,48,70
100,0,0,0
24,0,8,50
64,18,18,0
43,28,28,0
3,2,26,71
80,13,7,0
55,27,18,62
100,0,0,0
67,24,10,0
48,40,12,0
50,17,33,0
19,5,24,60
78,22,0,30
62,12,25,0
40,0,60,20
22,4,60,55
31,11,44,18
27,16,41,69
33,19,36,0
68,14,18,0
50,17,33,0
100,0,0,30
83,0,17,0
16,5,51,56
38,52,10,11
55,35,10,0
69,22,2,27
33,0,67,25
39,4,26,75
52,26,21,0
55,20,22,11
56,44,0,0
12,35,28,47
62,25,12,12
83,17,0,0
28,24,24,50
17,12,1,70
33,0,50,62
67,17,17,11
50,0,50,12
40,20,40,0
50,17,33,0
100,0,0,0
57,28,14,12
95,0,5,0
23,11,36,100
36,9,47,75
50,25,25,0
50,35,15,0
67,16,16,0
17,33,33,25
56,14,28,0
100,0,0,0
64,24,6,8
75,25,0,0
33,0,50,33
93,7,0,0
41,32,3,47
83,0,17,0
56,43,0,0
50,17,33,22
100,0,0,0
100,0,0,0
34,15,34,50
41,32,27,9
92,8,0,0
33,24,38,20
32,14,27,90
75,25,0,0
56,14,28,18
56,0,14,0
68,9,23,9
28,0,62,0
33,7,59,22
33,50,17,0
56,22,22,30
24,16,45,0
83,0,17,0
28,28,14,44
100,0,0,0
38,0,12,80
68,23,9,0
35,33,30,11
100,0,0,0
71,14,0,14
16,15,0,70
48,22,26,0
45,30,25,0
26,27,47,0
30,7,36,88
50,17,33,12
41,36,18,9
60,23,16,0
81,19,0,0
67,33,0,30
50,17,33,11
77,21,1,0
62,0,38,0
22,22,56,0
17,0,33,67
62,25,12,0
41,28,28,0
67,17,0,100
52,28,14,0
71,28,0,0
20,33,7,0
75,12,12,0
44,33,22,0
50,27,23,0
22,4,30,9
61,21,14,0
38,12,0,30
25,12,12,100
5,1,27,96
22,11,67,30
83,17,0,0
31,17,50,56
15,38,24,47
50,50,0,0
33,13,50,33
64,24,12,12
100,0,0,30
32,32,32,10
36,5,36,64
71,28,0,0
32,15,51,0
50,33,17,88
33,33,28,11
33,17,50,25
50,17,33,0
68,14,14,0
33,28,38,0
75,25,0,0
21,11,47,47
50,33,17,0
90,10,0,0
33,33,0,28
40,50,8,27
83,17,0,0
70,0,20,22
40,31,24,0
41,0,55,18
60,40,0,0
56,9,35,0
44,22,33,12
23,5,59,9
33,17,50,44
44,24,9,47
41,27,18,9
26,32,18,47
62,38,0,0
100,0,0,28
83,17,0,0
62,38,0,0
25,9,48,69
20,32,16,25
67,33,0,0
33,0,33,33
23,36,41,18
67,11,22,11
38,12,0,12
100,0,0,0
28,43,28,100
45,30,25,22
33,0,67,78
33,0,50,44
34,25,23,62
55,45,0,0
88,10,2,0
38,38,24,56
38,28,33,10
86,14,0,0
42,33,25,22
59,15,3,47
50,25,25,12
33,50,17,11
33,17,50,12
33,0,67,0
56,0,43,0
52,22,9,11
38,38,25,0
50,32,18,0
60,33,7,0
70,22,9,0
32,21,47,0
83,17,0,50
30,30,11,12
33,33,33,0
33,17,50,11
33,56,11,30
43,14,43,43
18,18,45,40
41,26,28,0
20,0,30,50
93,7,0,0
70,17,13,0
67,17,17,56
23,9,55,0
4,4,23,74
20,12,37,100
44,14,40,22
10,20,62,11
33,43,24,11
62,12,25,0
56,38,5,0
50,17,33,11
26,33,40,11
83,17,0,12
36,45,18,0
78,22,0,0
35,15,44,42
67,17,17,67
88,0,12,0
24,38,15,47
45,14,41,0
36,9,41,0
25,12,25,78
18,4,21,75
50,25,25,14
56,19,24,0
71,14,14,0
67,17,17,0
33,27,36,10
33,33,17,33
56,14,28,14
33,17,50,11
100,0,0,0
45,22,33,0
71,14,14,0
100,0,0,0
40,20,38,11
21,42,37,22
56,43,0,12
71,6,0,47
75,0,25,12
86,14,0,0
50,17,33,0
36,27,32,9
27,23,41,36
50,41,9,9
74,16,11,0
100,0,0,0
100,0,0,0
52,27,11,20
48,19,33,0
100,0,0,0
52,22,26,25
88,0,12,12
0,0,28,100
34,28,32,12
83,0,17,0
62,38,0,0
32,27,39,0
33,19,48,22
33,0,33,100
33,33,33,0
50,27,23,9
25,16,59,0
33,17,33,33
61,27,11,0
100,0,0,0
33,17,50,0
59,18,23,9
30,13,46,36
39,20,39,22
19,26,50,11
76,24,0,0
62,25,12,0
38,28,24,67
83,0,17,0
56,22,22,30
70,22,9,0
38,12,50,14
88,12,0,0
6,6,19,70
84,16,0,0
56,22,22,0
24,33,43,55
22,2,41,12
86,14,0,0
82,18,0,0
75,0,0,0
27,14,59,0
80,0,0,0
50,25,25,56
56,13,30,18
50,33,17,0
17,17,33,33
33,17,50,25
0,0,20,100
67,33,0,0
0,0,12,100
28,26,37,33
37,25,38,0
38,24,38,0
67,11,0,50
38,38,25,0
75,12,12,25
50,23,27,18
0,0,0,100
18,12,0,70
17,17,17,22
88,12,0,0
24,35,15,53
28,19,43,11
16,8,7,70
62,12,25,0
27,12,57,11
88,0,12,0
23,18,41,22
50,17,33,0
80,20,0,0
35,4,30,62
83,17,0,0
62,21,16,12
86,14,0,0
18,12,1,70
23,12,54,45
86,14,0,0
11,11,22,25
100,0,0,11
6,6,19,70
33,28,37,0
0,0,11,90
39,34,23,27
50,50,0,0
67,33,0,30
46,32,20,11
15,13,4,70
22,44,33,30
36,26,33,38
50,17,33,12
54,22,15,20
100,0,0,0
52,17,30,12
43,14,43,0
75,25,0,0
33,17,50,0
64,18,18,0
25,32,30,27
23,14,64,0
76,24,0,0
0,25,12,67
24,32,21,47
28,17,40,27
55,27,18,0
33,33,33,11
71,28,0,12
85,15,0,0
50,38,9,0
33,11,56,30
43,14,43,38
14,5,36,56
47,26,3,47
56,44,0,30
33,50,17,0
62,15,0,47
37,16,47,0
83,17,0,0
28,19,52,18
67,0,33,0
44,34,10,42
14,13,4,70
33,17,50,11
38,24,38,0
83,17,0,0
36,18,45,9
83,17,0,0
53,18,25,0
68,26,5,0
25,8,25,75
32,12,55,11
50,33,17,0
89,11,0,0
42,21,37,0
34,27,39,11
20,60,20,0
68,32,0,0
60,21,17,0
97,0,0,0
18,12,1,70
50,50,0,0
100,0,0,0
88,12,0,0
28,14,43,44
26,26,34,0
95,5,0,10
36,14,45,22
33,17,50,22
0,0,0,100
44,11,0,90
28,11,24,90
19,19,24,78
25,0,0,100
88,12,0,0
67,17,17,0
64,4,32,0
67,33,0,9
93,6,2,0
62,12,25,38
56,0,14,43
35,13,43,45
56,14,28,0
56,28,14,0
12,24,41,53
59,36,5,18
27,5,68,9
100,0,0,0
38,62,0,0
59,14,23,0
80,20,0,0
9,16,5,70
36,32,14,8
50,33,0,0
56,31,12,0
33,23,42,22
41,18,32,55
33,17,50,0
71,28,0,0
28,28,14,100
89,11,0,0
50,14,36,0
43,24,33,0
0,25,75,25
100,0,0,0
83,12,5,0
27,27,30,14
45,26,24,20
45,14,32,10
67,0,0,28
30,20,43,30
100,0,0,0
33,14,48,27
24,53,0,47
33,0,67,33
8,0,49,38
57,16,23,0
21,6,50,47
56,19,20,0
75,0,12,12
59,36,5,0
50,0,50,0
33,14,52,0
96,4,0,0
83,17,0,0
43,30,17,38
70,17,13,0
9,3,59,47
46,12,27,33
71,21,8,0
61,36,2,0
86,14,0,0
44,36,20,0
43,43,14,0
48,24,28,0
33,17,50,38
75,0,25,0
34,22,44,0
33,21,36,0
27,23,32,30
24,5,56,11
38,18,38,18
39,34,20,12
50,33,17,0
56,44,0,0
18,24,21,43
50,5,0,100
88,0,12,0
39,45,5,62
26,20,55,0
55,23,23,9
100,0,0,0
10,14,7,68
50,50,0,0
13,6,12,70
77,23,0,0
47,24,24,25
40,33,26,0
30,0,40,25
50,24,24,0
71,28,0,0
33,19,48,80
32,5,55,80
44,33,11,25
76,0,0,47
0,0,9,89
36,23,27,18
53,21,3,47
67,17,17,0
100,0,0,40
82,18,0,0
60,40,0,0
21,33,47,0
60,24,16,0
100,0,0,0
33,17,50,0
0,0,17,70
33,0,50,56
50,50,0,0
88,12,0,0
17,50,0,25
20,40,40,10
77,9,14,0
83,17,0,0
62,38,0,12
33,17,50,25
50,0,50,0
48,30,22,44
54,22,17,20
33,24,43,36
57,28,12,0
17,0,0,100
56,21,0,47
19,10,56,36
67,33,0,30
26,35,30,25
50,50,0,0
39,18,36,18
21,15,56,25
50,25,21,0
32,15,47,17
100,0,0,0
56,12,16,86
28,24,21,53
74,15,11,0
36,41,23,0
56,44,0,30
100,0,0,0
9,6,56,47
26,9,28,67
50,50,0,0
44,56,0,30
33,0,50,33
88,12,0,0
76,3,0,47
20,40,40,10
67,0,33,0
10,0,60,12
75,12,12,0
56,22,0,0
19,14,24,67
33,0,50,33
88,0,12,0
71,28,0,0
82,12,5,11
50,14,36,18
71,28,0,0
34,24,41,9
33,0,17,56
28,19,52,27
27,9,32,44
50,33,17,0
30,4,17,75
95,5,0,10
20,20,30,43
89,11,0,0
67,0,33,11
28,24,33,64
60,20,20,0
8,6,16,70
68,14,18,8
43,43,14,0
33,0,67,22
44,32,0,47
55,32,14,11
24,17,56,11
67,33,0,0
83,17,0,0
71,6,0,47
89,0,0,0
27,55,18,0
55,36,9,0
28,20,36,44
74,13,4,0
100,0,0,0
61,30,9,0
18,15,44,47
67,17,17,0
26,4,1,70
28,28,43,0
100,0,0,0
100,0,0,0
50,33,17,0
71,10,19,0
65,12,0,47
62,38,0,27
56,28,14,0
100,0,0,0
17,0,17,75
100,0,0,0
56,22,22,30
59,14,27,0
84,9,7,0
67,0,0,0
48,38,14,0
63,10,22,0
56,28,14,0
66,23,4,20
50,17,33,0
31,26,28,100
70,0,30,0
83,17,0,0
82,18,0,0
38,19,14,18
83,17,0,0
64,31,5,0
56,14,28,27
55,23,14,0
82,18,0,0
40,8,44,56
10,13,44,12
83,17,0,0
88,0,12,0
67,17,17,0
50,38,0,38
62,12,12,38
27,23,50,9
49,44,7,0
86,14,0,0
18,21,38,47
38,31,28,22
26,2,52,50
62,12,17,0
40,50,10,30
26,18,51,43
67,33,0,38
9,0,27,64
62,25,12,0
50,18,32,18
56,0,43,38
49,23,28,12
52,31,17,0
21,13,37,100
23,14,45,18
0,12,0,100
45,32,23,36
23,18,46,12
24,11,38,12
23,9,25,69
17,0,50,67
83,17,0,0
33,50,17,0
67,17,17,0
52,33,14,0
42,31,15,11
50,33,17,0
32,23,45,20
11,11,9,70
40,20,28,100
50,17,33,11
40,40,20,60
23,14,64,9
36,20,36,20
56,44,0,30
28,14,28,78
88,12,0,12
55,21,24,0
24,28,45,11
68,17,12,0
78,22,0,0
84,16,0,0
50,17,33,12
74,3,0,47
13,13,36,12
48,28,24,9
44,44,12,0
33,13,44,0
16,28,53,25
67,17,17,12
36,45,7,69
28,56,0,71
100,0,0,12
100,0,0,0
100,0,0,0
33,11,0,100
83,17,0,0
35,31,35,11
88,12,0,0
27,24,45,11
26,19,55,0
17,0,33,25
11,33,44,30
74,13,4,0
8,18,5,70
0,0,0,100
72,25,3,0
43,5,43,25
33,17,17,0
43,17,35,0
62,24,14,0
100,0,0,0
17,0,33,100
89,11,0,0
39,25,30,20
100,0,0,0
83,0,17,0
83,17,0,0
62,38,0,0
100,0,0,0
33,0,67,0
62,32,5,0
21,9,65,33
56,28,14,14
76,24,0,0
33,11,22,20
100,0,0,0
55,28,14,0
52,28,19,0
65,30,4,0
20,0,20,40
83,17,0,0
17,0,50,31
30,20,20,20
33,0,67,38
71,14,14,0
76,0,0,47
75,0,25,0
43,28,28,0
22,33,44,30
19,0,33,91
50,17,33,0
33,33,0,0
100,0,0,0
88,0,12,0
70,13,17,0
100,0,0,40
38,33,28,11
33,17,50,0
36,41,16,18
33,0,67,33
50,17,33,12
100,0,0,0
89,0,0,14
38,28,33,11
56,22,22,0
100,0,0,0
81,17,2,0
76,24,0,0
56,28,14,0
63,35,2,0
86,14,0,0
83,17,0,0
48,20,8,22
67,33,0,0
95,5,0,0
33,33,22,12
76,0,0,47
43,22,30,33
71,24,5,0
14,0,36,45
0,0,20,60
24,33,43,0
100,0,0,0
75,22,0,30
24,19,30,86
71,28,0,0
36,23,41,0
12,12,0,100
33,17,50,0
25,10,48,27
10,19,28,56
64,23,14,9
26,16,47,18
67,33,0,0
83,17,0,0
73,27,0,0
67,17,17,0
26,26,13,38
83,17,0,0
25,0,12,88
67,0,33,0
40,14,42,11
100,0,0,0
100,0,0,0
60,40,0,0
56,14,28,0
71,28,0,0
83,17,0,25
31,34,14,47
44,19,37,0
43,13,30,67
100,0,0,0
83,17,0,0
14,0,28,82
14,43,14,64
71,28,0,0
56,14,14,33
69,23,8,0
50,17,33,0
3,8,20,74
83,17,0,0
27,15,39,44
36,19,33,25
75,12,12,0
50,36,14,0
91,9,0,0
28,21,44,0
56,14,28,0
33,0,67,56
100,0,0,0
23,8,0,70
50,0,50,0
51,32,16,0
0,0,60,80
34,34,28,0
56,33,7,12
38,30,32,0
43,24,14,20
67,33,0,0
37,28,34,0
56,28,14,56
52,43,4,0
100,0,0,0
20,40,40,0
62,14,24,0
32,35,9,47
5,8,18,68
26,23,18,28
43,17,37,25
44,34,22,0
25,12,38,11
32,9,55,0
15,14,1,70
8,5,19,96
50,25,12,0
71,14,14,28
71,0,28,0
56,35,9,0
28,10,56,22
39,37,22,0
54,12,23,20
50,33,17,11
62,28,10,0
100,0,0,0
100,0,0,0
32,26,42,0
41,19,28,0
73,14,14,0
21,10,60,36
33,0,17,44
13,10,7,70
56,28,14,0
52,26,22,38
28,10,38,0
55,24,19,0
80,20,0,0
18,11,53,64
67,33,0,0
15,14,2,70
21,0,33,78
43,43,14,0
100,0,0,0
39,22,39,10
67,24,9,0
33,0,17,88
41,32,27,0
28,5,46,64
22,27,49,22
64,14,23,0
44,33,22,30
50,33,17,0
28,10,55,11
32,19,25,0
27,11,50,62
100,0,0,0
16,8,28,0
17,17,64,0
0,0,25,100
19,11,38,28
67,0,33,11
30,16,30,64
26,11,50,36
33,0,67,0
36,5,23,91
59,18,23,0
62,38,0,0
68,32,0,0
33,24,19,82
50,33,17,0
60,0,40,0
39,35,26,0
21,12,38,62
11,23,64,0
88,10,2,0
51,38,11,0
62,25,12,0
33,50,17,0
88,0,12,11
78,22,0,0
36,14,48,0
56,33,10,0
18,5,9,87
100,0,0,0
75,0,25,11
50,33,17,0
36,24,36,44
12,4,38,70
56,36,7,0
36,38,20,18
24,24,52,10
100,0,0,0
83,17,0,0
71,14,0,0
67,33,0,0
85,11,4,0
52,26,22,0
62,32,6,0
100,0,0,0
60,36,4,0
6,5,20,70
71,14,14,12
67,22,11,0
71,6,0,47
33,17,50,22
32,41,27,0
33,38,28,0
38,26,26,22
100,0,0,38
100,0,0,0
49,19,32,0
38,19,38,0
27,41,32,0
62,12,25,22
39,22,37,20
56,28,14,0
18,32,26,47
19,28,43,0
0,0,28,100
3,3,22,70
28,13,50,25
88,0,12,0
32,41,3,47
26,26,44,22
26,24,50,0
67,33,0,30
50,25,0,14
53,24,0,47
81,13,6,0
33,50,17,25
100,0,0,0
78,11,0,0
65,32,2,11
37,26,32,12
18,14,41,20
50,17,33,11
32,5,59,0
43,35,22,0
68,9,0,47
55,28,17,0
48,32,15,11
95,5,0,0
33,0,67,22
83,17,0,0
17,17,56,22
91,9,0,0
33,33,0,38
0,0,0,100
67,17,17,0
86,14,0,25
56,43,0,0
98,2,0,0
88,12,0,0
56,28,14,0
33,0,67,12
26,30,38,25
39,17,17,67
67,33,0,0
0,0,0,100
100,0,0,0
43,27,30,12
44,33,22,0
62,12,25,12
91,4,4,0
34,14,48,0
78,22,0,14
41,33,26,0
38,25,38,0
56,28,14,0
50,50,0,0
14,16,42,100
14,28,14,71
71,0,14,12
78,22,0,30
50,38,12,11
56,11,33,30
28,9,50,0
0,12,38,100
56,0,14,25
100,0,0,0
56,44,0,30
38,28,33,0
80,20,0,0
21,24,18,47
78,22,0,0
93,7,0,0
34,34,31,0
71,14,14,0
31,0,0,70
38,18,21,47
100,0,0,0
38,26,18,0
25,7,68,0
33,50,17,0
83,17,0,0
23,36,41,0
38,25,0,44
90,0,0,0
50,23,27,27
67,33,0,0
33,17,33,44
38,19,33,18
33,17,17,44
68,32,0,0
28,5,62,91
50,33,17,25
88,12,0,0
100,0,0,27
28,11,41,100
40,28,32,12
62,12,25,0
83,17,0,28
14,10,19,89
56,22,22,12
67,17,17,0
83,17,0,11
43,43,14,0
15,8,33,100
28,20,43,70
55,31,14,12
74,3,0,47
75,0,25,0
33,0,50,22
67,33,0,30
55,18,27,0
44,31,25,0
48,43,10,0
33,14,49,9
50,0,50,11
43,0,56,43
100,0,0,30
87,10,3,0
100,0,0,12
40,10,20,33
87,4,4,0
41,27,14,30
83,9,0,0
34,32,34,0
32,9,55,18
33,33,33,0
91,5,5,0
56,22,22,0
36,28,33,16
40,20,40,0
24,14,33,60
24,20,28,22
67,33,0,30
88,12,0,0
7,5,18,70
100,0,0,0
100,0,0,0
36,20,44,11
26,18,47,43
36,16,49,0
48,30,22,22
28,4,26,100
16,13,1,70
23,15,42,25
0,0,12,67
50,12,38,20
50,32,18,9
30,4,39,88
74,19,7,0
28,10,48,67
30,20,30,18
14,5,41,75
100,0,0,0
24,10,62,20
56,28,14,14
71,24,5,0
33,33,17,44
20,20,60,0
100,0,0,0
50,0,50,0
30,19,36,50
56,22,22,30
44,44,11,30
67,33,0,50
100,0,0,30
20,40,40,0
48,26,26,25
88,0,12,0
44,23,31,7
88,12,0,0
33,17,50,11
67,17,17,0
41,9,50,27
48,22,22,0
64,32,5,0
50,17,21,12
71,24,5,0
33,33,33,28
67,17,17,0
27,27,36,9
50,24,26,0
40,28,31,0
88,0,0,0
71,17,10,9
33,17,50,22
45,19,32,0
33,33,28,0
56,21,0,47
33,17,50,25
33,67,0,0
17,0,33,50
81,0,19,0
83,0,17,0
43,25,32,0
23,14,45,0
67,17,17,0
20,40,40,0
42,32,11,11
40,0,40,60
46,41,14,0
43,0,56,0
100,0,0,0
50,33,17,0
67,33,0,30
33,17,50,11
61,17,22,0
28,5,62,36
53,16,31,0
23,5,50,10
0,0,0,100
67,17,17,0
62,33,5,0
33,17,50,67
50,17,33,0
32,5,55,27
86,14,0,0
88,0,12,0
100,0,0,0
50,25,25,0
75,12,12,0
0,0,0,100
40,42,15,9
50,30,14,17
59,16,18,20
42,35,19,33
45,15,26,45
24,16,46,38
88,12,0,0
86,0,14,0
48,20,16,33
61,26,13,11
33,17,50,38
30,16,39,62
88,12,0,0
50,0,50,0
86,14,0,0
50,24,17,20
100,0,0,0
81,19,0,0
67,17,17,33
60,20,20,0
33,50,17,11
100,0,0,0
83,17,0,0
59,18,18,55
33,33,33,25
59,18,18,0
67,33,0,0
83,17,0,0
21,28,49,22
70,26,4,0
12,12,53,47
68,5,27,0
15,18,44,47
20,0,0,10
88,0,0,25
33,17,50,44
14,12,28,12
50,33,17,0
27,13,40,25
28,10,19,90
33,33,33,0
50,9,23,9
82,18,0,0
45,18,32,0
49,38,7,20
78,22,0,30
28,42,30,0
75,15,10,0
40,50,10,0
73,12,15,0
50,50,0,38
68,21,11,0
28,19,52,0
100,0,0,0
25,27,41,18
59,36,5,0
86,14,0,0
17,10,67,0
42,32,26,12
17,17,33,25
32,35,9,47
67,33,0,0
18,10,2,70
50,50,0,0
32,5,59,10
50,25,25,22
37,35,22,18
67,17,17,0
45,32,23,0
50,33,17,0
33,17,33,44
23,23,50,0
12,10,67,22
83,0,17,0
55,28,17,0
50,33,17,12
100,0,0,0
83,17,0,0
70,18,12,10
20,40,40,12
43,0,28,56
36,23,30,69
100,0,0,0
67,33,0,30
75,12,12,0
78,22,0,0
88,12,0,0
100,0,0,11
83,17,0,0
67,19,14,0
33,0,33,33
32,15,38,50
35,9,56,0
75,20,5,0
67,33,0,12
60,20,10,22
38,38,24,0
50,8,42,27
67,0,17,22
87,6,7,0
45,37,11,0
56,39,5,0
59,12,0,47
71,28,0,0
100,0,0,0
19,5,38,89
83,0,17,0
53,28,13,12
67,17,17,0
56,0,43,0
70,0,30,0
26,24,26,11
63,31,6,0
18,9,50,35
75,25,0,12
30,10,10,23
46,13,26,25
67,17,17,0
18,18,45,9
7,7,17,70
48,43,9,0
56,14,28,14
33,17,50,11
40,36,24,0
32,38,6,44
50,50,0,0
56,14,28,14
89,11,0,0
75,20,5,0
56,33,10,9
50,0,50,25
100,0,0,0
48,27,25,0
50,17,33,0
68,22,10,0
37,47,16,0
38,25,25,0
41,35,0,47
100,0,0,0
88,12,0,0
57,25,8,0
67,17,17,0
62,31,6,8
33,33,33,0
100,0,0,0
50,31,19,0
100,0,0,0
44,33,22,30
33,38,24,11
22,30,43,18
67,17,17,0
66,28,5,0
20,9,48,40
62,25,12,0
32,18,41,27
17,0,0,100
71,12,8,0
25,12,62,17
0,0,0,100
71,28,0,0
11,2,14,94
50,17,33,0
33,17,50,0
95,5,0,0
38,21,33,0
26,4,1,70
56,33,11,30
32,23,32,20
56,22,22,30
50,17,33,0
75,0,25,0
61,13,22,25
59,32,9,0
21,26,53,0
81,19,0,0
33,19,48,0
47,12,9,0
38,19,43,18
68,18,14,0
100,0,0,30
43,11,37,27
31,10,33,67
24,7,69,0
42,26,33,0
33,0,67,33
28,2,0,70
21,14,45,40
43,14,43,0
31,7,52,14
50,32,14,0
100,0,0,0
50,33,17,0
24,26,40,60
22,20,54,0
27,9,53,57
19,10,24,67
10,11,9,70
68,27,5,9
17,33,0,33
33,33,33,0
78,22,0,30
12,12,50,67
50,12,25,33
67,33,0,0
0,0,0,100
44,22,33,30
88,12,0,0
24,0,33,67
67,33,0,0
64,18,5,0
70,23,7,0
33,11,56,30
23,9,59,20
100,0,0,0
14,0,28,67
88,12,0,0
76,21,2,0
75,25,0,40
14,5,24,67
28,14,52,9
45,33,21,0
12,13,5,70
45,34,19,0
26,13,34,12
49,21,30,0
12,38,38,0
59,34,7,0
88,12,0,0
38,25,38,14
56,26,17,0
20,0,80,50
33,5,38,80
48,14,38,0
40,60,0,0
88,12,0,0
14,5,19,100
18,26,32,47
62,12,25,0
100,0,0,0
78,19,4,0
38,32,6,47
100,0,0,0
43,24,33,0
55,32,14,0
18,12,0,70
67,22,11,22
50,17,17,33
33,50,17,0
47,18,12,47
30,9,55,33
100,0,0,0
24,17,55,9
38,19,38,0
75,25,0,0
83,17,0,0
76,13,10,0
53,30,16,0
67,5,28,9
56,22,11,40
28,45,28,11
50,30,0,22
50,50,0,0
50,33,17,0
100,0,0,0
75,19,4,0
47,40,14,0
71,28,0,0
15,13,3,70
36,36,5,18
49,19,31,0
32,15,28,47
33,0,67,0
38,25,12,33
14,0,10,90
100,0,0,0
95,5,0,0
19,14,52,33
33,0,50,33
64,36,0,0
15,47,9,47
86,14,0,27
50,12,38,0
53,24,0,47
64,20,2,30
62,12,12,33
22,12,28,12
20,0,60,70
26,4,0,70
56,33,11,30
50,33,17,62
74,9,9,0
50,50,0,0
62,38,0,0
50,40,10,10
40,0,20,90
100,0,0,0
67,33,0,14
69,28,2,0
86,0,14,0
33,14,53,20
100,0,0,0
71,24,5,0
31,28,33,20
20,40,40,20
20,0,40,70
43,0,43,14
78,22,0,30
14,0,62,89
67,33,0,0
0,20,40,80
83,17,0,0
67,33,0,0
62,25,0,12
60,17,24,0
44,34,7,27
71,28,0,0
62,12,25,44
71,0,0,0
25,18,32,45
48,17,4,50
67,33,0,0
40,40,20,0
17,67,0,38
75,12,12,0
75,12,12,0
100,0,0,0
17,17,50,50
100,0,0,0
20,40,40,40
22,0,78,30
67,33,0,0
11,14,51,47
33,33,17,44
100,0,0,0
83,0,0,33
33,0,67,22
36,25,39,0
68,18,14,9
12,12,0,14
41,5,50,25
67,21,12,11
48,39,13,18
0,0,0,75
33,18,45,25
83,17,0,0
88,0,12,0
9,14,7,70
67,28,5,0
50,17,33,0
100,0,0,0
50,33,17,25
35,50,15,0
15,6,56,47
16,14,70,25
33,22,33,0
24,32,21,47
26,26,39,25
50,50,0,30
56,24,20,0
70,16,7,20
56,44,0,30
67,12,8,0
19,5,28,44
53,33,14,0
48,24,28,0
100,0,0,0
83,17,0,0
67,0,33,0
75,25,0,0
100,0,0,0
87,4,0,0
87,13,0,0
38,24,38,11
50,0,50,0
57,24,11,20
100,0,0,0
71,14,14,0
75,12,12,0
44,24,31,0
31,9,53,22
40,20,40,0
56,39,4,14
56,14,28,8
78,19,4,0
17,17,17,33
14,0,0,100
59,18,0,47
59,41,0,0
16,5,74,44
50,25,0,22
100,0,0,0
48,35,17,12
88,0,12,0
38,26,31,0
18,9,18,25
67,31,2,0
28,14,56,30
28,26,31,12
33,17,50,22
56,26,15,14
67,21,4,0
64,20,5,62
72,21,8,0
40,8,52,0
59,32,9,0
83,0,17,0
100,0,0,0
28,30,40,0
88,12,0,0
100,0,0,0
35,13,39,20
40,20,20,40
33,50,17,11
67,17,0,25
100,0,0,0
92,8,0,0
67,22,11,30
21,16,42,44
91,0,0,0
67,26,7,0
50,33,17,0
43,56,0,0
86,14,0,0
100,0,0,0
50,50,0,0
28,28,18,47
62,25,12,0
22,22,56,30
67,28,5,0
43,43,14,0
50,36,14,0
60,40,0,0
43,5,43,9
74,25,1,0
22,33,44,30
50,33,17,12
88,12,0,0
28,28,33,25
49,18,27,0
100,0,0,0
33,33,33,11
80,20,0,11
20,40,40,50
62,25,12,11
22,19,43,14
100,0,0,0
28,0,43,56
55,14,32,9
67,17,17,0
33,17,50,0
50,26,24,0
20,0,0,75
75,25,0,0
33,33,33,30
10,10,19,78
34,44,22,0
61,30,9,0
56,26,17,0
86,14,0,0
17,0,0,100
33,17,50,33
16,7,60,44
27,30,37,14
71,26,2,0
42,4,28,50
22,22,56,30
15,10,6,70
24,19,43,90
30,11,51,27
33,50,17,0
33,17,50,56
67,33,0,0
69,19,12,0
62,12,25,0
86,14,0,0
49,20,31,0
67,33,0,0
57,11,32,0
30,22,49,0
45,0,55,9
100,0,0,0
33,33,33,0
67,33,0,0
44,33,22,30
67,33,0,0
80,10,0,0
6,10,15,70
44,23,33,0
100,0,0,0
52,38,10,0
54,39,7,0
100,0,0,0
28,28,38,10
90,10,0,0
68,32,0,0
43,14,43,38
100,0,0,0
86,14,0,0
67,0,33,75
22,22,56,30
33,5,56,0
34,23,43,0
17,17,33,44
43,14,28,56
35,17,39,22
27,9,45,0
39,28,16,0
76,24,0,0
62,0,38,8
47,24,20,20
33,17,40,100
100,0,0,27
75,25,0,0
32,27,41,0
50,33,17,0
83,0,17,0
50,50,0,0
62,25,12,0
67,0,0,0
50,33,17,0
43,33,24,11
16,12,59,25
71,17,12,0
55,18,27,9
65,4,23,28
38,43,19,0
71,14,14,0
17,0,17,50
19,19,38,73
67,21,4,0
22,0,78,0
36,23,41,0
43,43,14,0
32,18,32,17
86,14,0,0
44,26,6,47
67,0,33,0
100,0,0,0
66,34,0,0
14,43,43,28
11,26,47,56
55,35,8,27
33,17,0,33
34,24,41,0
24,24,52,0
55,27,18,0
32,48,20,12
83,17,0,0
33,33,33,33
43,14,43,0
33,25,40,28
43,31,24,0
65,12,0,47
62,15,0,47
56,12,7,0
31,28,36,38
66,21,13,0
75,12,12,0
17,12,62,38
44,33,22,14
71,5,24,0
12,11,9,74
41,5,55,20
83,11,6,0
33,17,33,22
36,41,18,0
38,33,26,45
42,16,42,0
44,28,26,0
62,25,12,0
50,33,17,0
12,12,0,100
43,28,26,12
6,12,12,74
67,17,17,25
56,33,11,30
33,0,67,43
28,0,14,100
88,12,0,0
50,17,33,0
67,0,33,0
36,5,36,45
43,14,14,100
49,40,12,0
67,22,11,30
56,43,0,0
41,14,45,27
0,0,14,100
28,12,60,11
33,0,67,11
56,18,3,47
100,0,0,0
37,5,53,22
37,23,40,0
100,0,0,0
30,13,40,50
42,14,44,0
27,28,44,0
55,24,21,0
53,19,28,0
56,24,19,9
33,10,52,27
33,17,50,11
86,14,0,0
35,12,28,62
88,0,12,0
15,8,35,75
64,27,9,0
43,28,28,14
33,28,38,0
73,18,9,0
48,10,24,73
23,18,27,100
61,27,12,0
65,30,5,0
40,31,26,0
84,9,7,0
21,9,0,70
83,17,0,0
42,23,33,0
14,17,46,41
75,25,0,10
7,9,14,70
75,12,12,0
100,0,0,0
45,23,32,0
0,0,0,100
78,22,0,30
48,33,10,12
88,0,12,0
40,32,28,11
45,27,16,62
27,32,36,100
28,33,24,0
48,34,7,17
50,33,17,0
33,33,33,0
52,33,14,0
100,0,0,0
75,25,0,0
100,0,0,0
56,28,14,0
68,32,0,0
43,41,16,11
33,33,17,11
44,44,11,30
43,38,19,0
74,4,13,0
50,17,33,25
86,14,0,0
50,0,0,28
74,3,0,47
83,17,0,0
78,15,8,0
83,17,0,0
45,30,19,20
52,33,14,9
63,9,28,0
88,12,0,0
43,0,28,71
50,23,23,0
28,0,28,44
44,56,0,0
83,17,0,17
35,17,48,0
91,9,0,0
55,32,14,9
33,38,26,22
71,14,14,0
75,15,10,0
86,14,0,0
36,18,36,27
40,0,60,10
26,24,43,22
50,23,27,0
48,30,22,0
27,32,41,0
50,14,36,0
47,24,3,60
69,24,5,0
50,12,38,0
56,43,0,0
19,7,63,11
56,36,0,22
28,24,37,25
50,33,17,0
83,0,17,0
33,11,56,30
86,0,14,0
28,38,9,47
16,2,16,100
67,17,0,25
24,16,52,9
70,28,2,0
35,16,2,18
47,20,31,38
28,28,33,18
75,12,12,0
83,0,17,0
56,14,14,100
82,7,0,62
32,5,14,91
55,41,5,0
36,31,31,0
88,0,12,12
75,0,25,0
28,0,71,100
56,28,14,0
60,40,0,0
33,20,36,25
100,0,0,0
40,20,40,0
67,0,33,11
75,25,0,0
57,36,6,0
43,0,56,43
28,24,43,10
30,16,38,38
71,28,0,27
71,0,14,25
71,13,0,17
33,33,0,28
40,60,0,0
50,25,25,11
38,38,0,47
32,26,42,0
100,0,0,0
83,17,0,0
55,14,27,8
41,32,27,0
23,9,60,12
41,28,28,22
50,33,17,11
43,33,24,0
67,17,17,22
83,0,17,0
26,8,42,86
50,36,14,0
14,7,63,56
68,27,5,0
28,19,36,0
33,33,33,12
33,0,50,0
33,40,26,0
65,22,4,0
82,12,6,0
100,0,0,0
32,42,25,0
16,21,51,50
32,26,18,47
50,50,0,0
33,22,37,27
23,5,45,25
56,30,13,0
75,12,12,0
52,36,12,0
50,34,16,0
59,41,0,9
56,28,14,0
8,16,7,63
83,0,17,0
75,0,25,0
44,22,33,30
25,12,62,22
67,17,17,0
15,13,3,70
86,0,0,0
19,16,38,25
19,10,1,70
33,0,67,0
33,17,50,11
45,36,19,11
67,17,17,0
33,50,0,11
88,12,0,0
33,12,50,10
100,0,0,0
53,21,3,41
67,33,0,11
91,9,0,0
62,15,0,47
73,24,3,0
71,14,14,0
88,12,0,0
62,33,5,0
75,25,0,0
14,7,70,33
74,9,17,0
22,0,78,40
97,3,0,0
33,17,50,0
67,17,17,0
33,0,67,44
56,0,43,0
61,28,11,0
0,20,10,100
65,28,0,18
22,33,44,30
32,20,25,42
39,22,39,0
95,5,0,0
24,14,33,45
83,17,0,0
100,0,0,0
20,0,10,50
43,48,9,0
43,0,43,43
67,33,0,0
70,18,0,62
50,33,17,0
35,28,30,45
38,32,6,47
83,0,17,0
73,27,0,20
27,12,54,12
26,24,26,47
44,22,0,25
44,40,8,0
68,32,0,0
86,14,0,0
43,33,24,0
33,33,33,11
9,11,11,67
31,19,46,33
28,18,50,28
82,18,0,0
59,27,14,7
88,12,0,0
100,0,0,0
55,30,5,62
76,21,2,0
22,7,26,62
73,18,9,0
71,6,0,47
50,33,17,0
33,17,33,44
33,17,17,38
56,43,0,0
43,28,21,25
0,25,38,62
30,11,45,62
15,9,7,70
34,16,32,69
0,20,60,100
44,32,0,47
46,30,14,12
67,17,8,0
100,0,0,0
0,0,0,100
55,32,14,0
100,0,0,0
33,17,50,25
62,23,15,0
40,20,40,20
61,34,5,0
75,12,12,0
50,14,32,13
100,0,0,0
41,27,32,0
83,17,0,0
60,25,15,0
67,0,33,62
18,9,56,75
60,40,0,0
42,19,26,100
56,26,19,20
62,17,21,12
33,33,28,0
61,20,13,20
89,11,0,0
32,15,38,71
21,26,28,47
26,12,62,0
33,17,33,56
32,44,0,47
86,0,14,0
62,12,25,0
35,9,31,100
33,38,28,0
44,22,0,40
62,15,0,47
39,5,37,12
38,21,40,0
53,21,26,0
60,40,0,0
100,0,0,0
33,33,33,30
28,10,48,25
27,14,50,6
88,0,12,0
30,21,47,22
43,43,14,0
56,43,0,0
33,17,17,44
71,28,0,0
36,26,36,0
27,23,50,0
50,17,17,11
52,30,13,38
22,18,38,50
38,42,19,22
33,17,50,0
17,0,0,28
50,0,25,80
4,4,20,78
50,25,12,33
53,21,21,0
83,17,0,0
0,11,33,100
92,8,0,0
27,4,0,70
64,28,7,10
50,50,0,0
83,17,0,0
83,17,0,0
67,33,0,12
31,12,56,0
67,33,0,0
17,10,4,70
0,0,0,100
26,3,37,12
45,36,18,0
16,12,3,70
24,19,43,50
62,25,12,12
47,32,21,0
24,14,52,9
75,21,4,0
56,43,0,0
90,0,0,0
43,0,14,86
33,17,17,67
75,0,25,0
46,33,17,0
22,11,0,60
17,0,33,67
17,17,33,56
40,9,33,14
68,27,5,0
67,0,33,0
43,28,24,0
62,38,0,0
22,4,9,100
59,32,9,0
83,17,0,0
38,49,8,50
50,25,25,11
41,18,41,0
65,19,15,0
60,19,21,0
56,5,38,18
67,25,8,0
40,26,21,12
0,0,20,70
32,22,44,0
23,5,25,94
33,28,33,0
64,25,11,11
33,21,38,25
33,50,17,0
100,0,0,0
83,0,17,38
42,35,23,0
45,18,36,9
50,0,50,0
68,19,13,0
38,25,25,0
33,33,17,43
55,45,0,0
40,20,20,50
65,26,9,0
32,28,15,47
60,40,0,0
88,0,12,0
100,0,0,0
40,20,40,0
32,32,36,0
40,20,40,0
38,24,38,0
44,28,27,0
36,19,34,0
27,20,30,36
46,37,17,0
21,15,49,27
34,9,42,25
15,35,26,47
51,38,4,18
50,33,17,0
17,33,33,67
88,0,12,0
21,32,24,47
71,28,0,14
67,33,0,0
9,14,7,70
75,12,12,0
71,28,0,27
80,20,0,0
50,50,0,0
52,33,14,0
75,12,12,0
100,0,0,0
100,0,0,0
19,5,71,11
50,17,33,0
40,19,40,0
45,41,2,62
39,26,24,11
65,12,0,47
33,17,50,0
75,25,0,0
50,33,0,0
25,38,0,62
75,12,12,0
43,28,24,11
75,25,0,0
62,8,21,0
33,17,50,44
59,23,18,0
36,32,16,22
69,14,6,11
41,18,36,10
97,0,0,0
39,25,36,0
62,12,25,0
100,0,0,0
18,32,26,47
84,16,0,0
100,0,0,44
23,5,64,10
36,18,32,27
43,7,40,20
22,11,0,90
47,14,25,83
36,20,32,33
0,33,0,33
39,30,30,20
68,14,18,0
50,0,50,56
28,19,37,43
55,32,14,9
42,45,13,0
80,13,7,0
78,22,0,30
100,0,0,0
62,25,12,0
50,17,33,25
60,0,40,0
67,33,0,0
75,12,12,0
63,26,11,0
100,0,0,0
83,17,0,0
40,20,40,0
71,0,0,28
82,12,6,0
86,14,0,0
6,3,6,85
89,11,0,0
79,12,10,0
17,0,0,100
56,28,14,0
23,9,68,10
33,0,50,44
33,33,33,12
19,7,44,67
89,11,0,30
43,28,28,28
44,19,30,20
24,21,32,47
75,25,0,0
83,17,0,0
91,9,0,0
0,0,20,100
13,8,42,50
12,18,1,70
44,33,22,30
14,0,10,100
33,0,50,44
49,23,19,0
35,17,41,20
38,38,0,47
71,28,0,0
48,24,28,0
66,27,7,0
33,50,17,0
81,19,0,0
51,39,10,0
48,24,28,0
6,9,15,70
28,10,48,27
19,5,43,20
50,50,0,14
50,33,17,38
67,17,17,12
43,4,35,0
26,32,42,0
100,0,0,0
90,5,5,0
67,33,0,0
22,22,44,14
50,17,33,0
68,27,5,0
23,8,38,38
88,0,12,0
57,38,4,11
80,20,0,0
71,24,5,0
60,30,0,0
22,26,52,0
71,28,0,0
52,22,22,10
62,16,21,0
37,17,28,36
68,18,14,0
43,19,38,0
55,23,23,9
50,17,33,0
55,32,14,0
18,18,59,0
62,28,10,0
50,33,17,0
15,18,35,47
78,22,0,30
43,19,24,20
23,18,45,10
41,18,36,0
88,12,0,0
90,5,2,0
18,26,32,47
17,33,0,71
96,3,0,0
41,32,27,9
80,10,0,0
43,43,14,0
100,0,0,0
50,25,12,33
43,38,19,0
22,2,30,73
20,12,0,70
33,17,50,44
50,38,12,0
88,12,0,0
60,20,20,0
91,0,0,0
23,0,27,82
56,14,0,28
45,55,0,0
83,17,0,0
31,44,21,12
50,33,17,0
87,12,2,0
39,0,30,62
65,19,16,0
44,20,34,18
70,20,0,11
43,43,14,0
33,17,43,0
27,27,41,10
47,16,35,10
64,27,9,0
27,30,41,9
88,0,12,22
33,0,67,38
18,0,18,56
35,25,38,11
100,0,0,0
50,17,33,12
26,16,56,0
9,6,16,70
18,28,28,47
53,24,0,47
33,0,33,22
36,25,39,0
0,44,0,50
33,22,44,44
75,12,12,0
41,32,3,47
19,11,1,70
20,20,0,90
88,12,0,0
28,21,38,25
18,9,41,22
17,33,33,25
49,15,36,0
43,40,17,11
38,24,19,50
50,36,14,0
49,44,8,0
83,0,17,0
97,3,0,0
48,31,21,12
33,33,17,22
75,12,0,38
33,67,0,30
17,0,17,88
40,19,40,33
71,0,28,25
57,35,7,0
100,0,0,0
22,9,0,70
56,33,11,30
89,11,0,60
41,0,59,55
56,14,28,0
32,9,59,0
26,15,51,36
60,40,0,0
56,28,14,0
20,10,40,20
75,25,0,60
4,11,15,70
67,33,0,0
72,18,10,0
39,36,14,25
77,23,0,0
67,14,19,0
50,0,50,33
33,33,33,0
88,0,12,0
0,0,60,50
50,0,50,22
55,9,36,73
20,20,60,20
100,0,0,0
71,10,19,0
67,0,33,0
56,39,4,0
30,49,22,0
61,30,9,11
38,38,12,14
34,37,28,0
18,28,28,47
76,0,0,47
33,50,17,12
62,25,12,0
32,18,50,0
56,28,14,0
64,25,0,62
33,50,17,0
83,17,0,0
26,30,37,0
73,27,0,0
60,20,12,0
50,33,17,25
75,25,0,0
45,27,27,0
50,0,50,0
23,23,45,60
59,27,14,0
7,17,7,68
26,18,32,47
22,44,0,0
14,13,4,70
20,0,60,60
71,14,14,0
22,67,11,30
34,34,32,9
32,13,47,0
33,50,17,0
62,25,4,0
24,10,62,0
32,27,41,9
33,44,22,30
44,24,9,53
38,12,0,22
100,0,0,0
75,12,12,0
28,6,54,12
89,11,0,30
100,0,0,30
28,3,0,70
43,33,24,0
19,11,1,70
100,0,0,0
42,32,25,0
75,12,12,0
91,0,0,0
50,25,25,0
18,5,32,62
33,50,17,33
100,0,0,0
33,14,48,22
67,33,0,0
80,15,5,0
32,18,45,0
52,24,24,0
26,10,55,27
43,56,0,67
89,11,0,0
27,23,32,67
76,5,5,0
78,22,0,30
59,18,23,0
33,14,52,9
62,36,2,0
70,19,9,0
67,33,0,30
9,15,26,53
100,0,0,0
38,19,43,0
50,33,17,0
51,30,19,78
88,12,0,0
53,20,15,56
38,25,38,0
11,0,56,0
67,17,17,0
50,33,17,0
35,22,17,0
55,28,16,0
67,33,0,27
43,0,0,71
60,10,20,0
28,18,51,0
61,13,26,0
28,12,49,50
23,14,45,11
50,25,25,11
60,30,0,20
9,13,9,70
40,40,0,62
88,0,12,0
100,0,0,0
11,12,8,70
20,20,60,20
27,41,27,11
75,12,12,0
100,0,0,0
18,23,36,45
81,19,0,0
50,25,25,0
50,0,50,0
67,17,17,0
92,8,0,0
71,0,14,12
67,17,17,0
28,14,56,9
96,4,0,0
56,43,0,27
60,21,19,11
100,0,0,0
60,16,4,75
100,0,0,0
100,0,0,0
83,17,0,0
100,0,0,0
80,20,0,0
75,0,25,22
48,14,38,0
83,17,0,0
83,17,0,0
88,0,12,0
28,0,43,14
54,25,21,0
33,33,33,25
18,12,0,70
68,27,5,18
41,14,41,73
0,12,75,88
27,0,68,9
38,14,38,25
31,0,0,70
79,21,0,0
67,33,0,0
56,22,22,0
83,0,17,0
56,44,0,0
40,36,12,0
31,12,56,11
62,15,0,47
62,12,12,12
33,17,33,50
43,14,38,0
40,32,16,11
42,38,20,0
20,25,22,89
75,12,12,0
48,48,5,0
48,24,26,18
32,23,41,11
14,7,9,70
33,0,67,67
40,21,30,27
56,28,14,0
100,0,0,0
80,7,10,0
70,10,20,0
48,48,2,30
22,44,33,40
88,12,0,38
53,32,16,0
79,21,0,0
38,16,38,27
56,44,0,11
16,11,53,38
40,25,35,0
33,67,0,0
17,17,50,56
34,34,9,75
83,0,17,0
41,8,38,0
24,5,44,75
75,25,0,0
95,5,0,0
33,19,38,11
77,23,0,0
56,11,0,0
0,0,0,88
18,0,9,75
16,24,50,43
100,0,0,0
28,43,28,28
71,28,0,0
100,0,0,0
64,18,18,0
71,28,0,0
28,10,56,9
36,23,36,0
81,13,6,0
33,17,40,12
56,0,38,10
50,33,17,0
41,25,34,22
61,17,22,0
62,38,0,0
23,23,50,44
83,0,17,0
26,32,42,0
32,13,43,27
82,18,0,0
91,9,0,0
50,17,33,0
64,36,0,0
59,33,7,0
33,33,33,38
21,11,47,27
100,0,0,28
56,15,28,11
56,43,0,14
100,0,0,0
41,48,11,12
100,0,0,28
100,0,0,0
32,50,0,27
79,16,5,0
7,13,10,70
50,50,0,11
49,26,26,0
80,10,10,0
100,0,0,0
14,14,14,100
52,10,38,9
83,0,17,0
96,4,0,0
35,28,26,27
67,11,11,14
72,20,8,0
64,23,14,0
23,7,1,70
33,0,50,33
30,19,45,40
23,23,41,50
56,44,0,12
20,20,60,30
60,18,22,0
62,28,8,0
92,8,0,0
60,40,0,0
56,22,22,30
50,33,17,22
85,15,0,0
55,9,36,9
68,27,5,0
33,17,50,11
56,33,11,30
50,0,50,75
68,30,2,0
88,0,12,0
94,3,0,0
76,17,7,0
37,12,51,11
56,38,5,0
33,17,0,86
42,18,18,12
67,0,33,0
22,8,1,70
66,28,6,0
50,33,17,0
52,22,26,25
71,6,0,47
32,5,63,0
33,33,33,11
100,0,0,0
45,32,23,18
34,15,34,45
88,0,0,28
67,11,22,11
33,17,50,11
38,25,12,67
18,15,41,53
90,10,0,0
33,24,43,0
14,0,14,100
96,4,0,0
78,22,0,30
59,30,0,62
67,33,0,0
28,34,28,12
35,31,27,11
56,10,31,9
56,44,0,30
57,42,0,0
50,25,25,25
50,33,17,0
50,0,17,33
67,0,33,0
24,32,16,56
26,18,50,12
59,18,23,0
82,9,9,0
12,32,32,47
67,33,0,12
88,12,0,0
75,12,12,0
100,0,0,0
43,14,28,71
42,37,21,0
52,31,17,9
24,8,28,47
90,0,0,11
55,40,2,25
26,23,45,27
21,9,1,70
88,12,0,0
83,0,17,0
71,24,5,0
56,44,0,30
33,33,33,11
48,28,24,0
28,49,23,0
75,25,0,14
20,20,20,30
50,0,50,44
59,28,12,0
36,27,36,0
11,32,37,11
44,26,30,0
41,22,9,54
76,0,0,47
23,14,64,18
67,17,17,0
50,25,25,14
28,20,51,0
83,17,0,0
89,9,2,0
5,8,18,68
56,26,17,0
24,11,65,0
38,27,33,12
48,40,12,14
40,12,20,25
100,0,0,0
67,33,0,30
50,33,17,22
100,0,0,0
100,0,0,40
33,0,67,12
0,20,40,60
43,9,26,25
100,0,0,0
56,33,11,30
70,20,0,10
50,18,27,17
4,6,21,70
78,22,0,0
33,33,33,38
43,13,43,38
23,9,67,0
69,28,0,0
88,0,12,0
0,0,0,100
38,50,0,0
100,0,0,0
75,12,12,0
95,5,0,0
33,17,33,33
89,0,0,0
36,32,32,33
12,12,4,71
25,0,0,14
24,6,1,70
37,21,41,0
88,12,0,0
74,24,2,0
36,18,14,36
43,24,33,0
67,33,0,0
19,12,0,70
60,40,0,0
45,23,32,18
21,18,50,75
0,0,0,100
50,33,17,0
53,26,17,0
56,14,28,0
0,14,14,50
73,14,9,0
100,0,0,0
20,40,40,60
100,0,0,0
50,33,17,0
100,0,0,0
83,17,0,0
19,5,43,8
50,17,0,28
54,32,15,0
86,7,0,20
67,17,17,0
14,0,0,100
50,33,17,12
44,22,33,0
0,10,0,100
45,27,27,0
33,33,33,22
89,11,0,30
33,33,33,0
52,18,16,56
14,43,28,17
22,38,38,22
27,16,56,0
56,21,0,47
0,25,25,100
68,27,5,0
26,14,51,64
50,36,9,30
56,28,15,0
0,0,0,100
43,14,43,0
77,18,5,0
33,17,50,22
67,17,17,33
38,14,38,12
41,15,30,50
45,15,36,50
55,9,32,9
75,12,12,0
33,22,44,30
93,7,0,0
44,33,22,0
81,19,0,0
28,41,6,47
67,33,0,0
36,23,36,18
40,20,0,100
66,23,0,62
62,25,12,0
43,28,28,43
26,44,6,47
69,28,2,0
22,20,46,78
83,0,17,0
39,4,39,100
83,8,0,0
100,0,0,0
23,9,64,8
56,26,17,0
71,28,0,0
59,15,3,47
16,8,26,100
21,18,35,60
70,22,9,22
18,10,2,70
80,10,0,0
67,17,17,33
100,0,0,30
38,14,38,0
88,12,0,12
100,0,0,0
40,12,49,0
48,9,43,11
11,44,33,40
43,18,30,18
45,12,25,75
50,0,0,50
7,9,15,70
33,50,17,11
33,19,38,50
100,0,0,0
45,27,27,0
0,33,33,78
33,50,0,50
27,24,49,11
14,43,14,14
47,19,23,75
33,0,33,44
83,17,0,0
76,22,2,0
18,38,21,47
26,31,38,22
50,9,36,9
22,0,33,78
67,22,11,30
75,12,12,0
11,11,44,40
20,7,3,70
100,0,0,0
100,0,0,0
67,33,0,12
39,17,43,11
62,25,12,0
64,32,5,0
32,18,36,36
60,32,8,0
33,33,33,11
32,40,20,0
74,23,0,0
30,23,40,45
32,23,32,60
39,30,28,0
19,22,31,42
78,11,0,12
50,17,31,0
100,0,0,0
100,0,0,0
10,7,14,70
66,22,12,0
33,33,33,0
67,33,0,0
62,12,12,0
48,35,17,0
32,41,18,33
100,0,0,0
100,0,0,0
48,21,27,0
33,33,33,0
67,17,17,0
33,17,50,0
71,14,14,0
19,14,19,64
87,4,0,0
100,0,0,0
85,15,0,0
24,24,28,47
20,28,44,22
62,25,0,25
20,5,27,100
33,33,0,100
48,38,14,0
17,17,50,11
36,27,36,9
67,33,0,0
63,23,13,20
36,16,44,33
79,16,5,0
46,24,28,0
20,20,60,0
28,10,48,22
64,27,9,18
59,23,18,0
50,24,3,47
31,26,43,0
80,20,0,0
77,23,0,0
33,33,33,30
50,17,33,0
52,24,19,0
33,44,22,30
50,0,50,10
88,0,12,0
46,22,22,25
36,36,18,38
55,40,5,0
11,11,22,89
16,12,2,70
20,9,61,33
48,38,14,0
28,10,5,78
33,0,33,22
62,12,25,0
50,50,0,11
75,0,25,11
56,28,14,0
33,17,50,50
43,31,26,0
53,21,3,47
83,17,0,11
31,14,28,38
50,38,12,100
30,15,39,27
38,5,56,0
50,33,17,11
23,23,49,0
75,0,25,22
67,33,0,14
67,22,11,0
35,19,35,36
27,18,36,33
32,9,36,30
46,16,36,0
33,33,17,0
73,27,0,0
93,5,2,0
20,9,1,59
23,8,0,70
80,20,0,0
75,0,25,0
76,13,10,0
75,25,0,0
20,40,40,56
33,33,33,18
67,33,0,38
100,0,0,0
37,26,30,20
55,32,14,18
91,9,0,0
67,17,17,0
19,14,22,8
39,22,33,20
66,24,10,0
4,9,18,70
35,11,48,0
62,12,25,11
49,16,35,11
50,23,9,33
67,0,33,11
60,35,5,0
100,0,0,0
42,20,38,0
56,31,12,0
85,9,5,0
40,38,19,0
72,15,13,0
50,17,33,0
100,0,0,0
67,33,0,0
50,17,17,22
50,25,25,11
31,18,51,0
12,10,8,70
100,0,0,0
67,17,17,0
21,24,26,38
98,2,0,0
28,4,52,38
96,4,0,0
38,50,12,14
100,0,0,0
7,14,10,70
50,33,17,12
33,17,50,0
41,18,39,11
67,17,17,0
24,11,52,50
56,44,0,30
50,50,0,0
75,25,0,62
60,20,0,10
28,33,38,0
20,60,20,0
83,0,17,0
39,30,18,8
27,16,38,0
50,25,12,38
31,23,38,12
88,7,4,0
59,18,18,0
37,37,18,30
62,25,12,12
83,0,17,0
34,37,28,0
14,14,43,44
28,0,56,50
9,9,12,70
60,40,0,0
43,10,43,10
33,17,50,50
50,33,17,12
33,22,44,10
83,17,0,0
88,12,0,0
41,18,32,9
14,14,49,47
67,17,17,12
28,33,19,50
36,20,44,0
81,14,5,0
26,28,21,47
28,23,49,0
42,30,28,0
83,17,0,0
67,17,17,25
43,24,28,20
17,13,26,55
44,27,20,27
71,6,0,47
85,12,2,0
56,22,22,0
75,25,0,0
36,24,20,33
8,11,22,100
43,28,28,25
65,17,9,0
33,33,0,0
55,23,23,9
72,25,2,0
55,32,9,9
50,17,17,50
41,18,41,9
37,17,46,0
24,19,52,27
61,20,14,14
38,0,62,36
71,6,0,47
59,18,0,47
56,24,20,0
0,0,0,100
48,34,18,0
67,22,0,14
33,0,67,78
26,5,0,70
80,20,0,0
83,0,17,0
48,30,22,9
24,5,48,22
81,14,5,0
15,12,50,47
43,31,26,0
44,44,11,30
62,38,0,0
40,20,40,0
33,17,50,0
33,67,0,0
38,12,12,100
35,24,18,47
31,17,38,30
52,20,20,0
64,36,0,0
33,50,17,0
14,0,43,71
30,4,17,44
10,0,0,22
83,0,17,0
56,44,0,30
86,14,0,14
71,14,14,0
88,10,2,0
48,19,28,27
37,17,39,25
31,22,47,0
67,17,17,0
20,20,60,0
50,12,38,0
75,12,12,0
33,0,67,0
63,37,0,0
18,11,55,62
30,45,20,9
56,44,0,30
17,33,33,44
75,25,0,0
83,12,5,0
34,23,28,25
100,0,0,27
83,0,17,0
100,0,0,0
40,20,40,100
43,33,24,0
71,14,14,0
24,14,24,67
46,38,15,6
50,25,25,0
64,14,23,0
25,6,0,70
89,11,0,0
100,0,0,0
7,14,10,70
62,25,12,0
85,15,0,0
50,17,33,22
100,0,0,0
28,44,3,47
75,12,12,0
11,0,11,75
96,1,0,0
21,28,26,47
64,32,5,0
69,28,2,0
88,12,0,0
56,30,14,11
27,23,46,38
34,14,41,62
4,5,21,78
44,19,30,30
18,18,59,0
95,5,0,0
55,14,27,9
18,15,44,47
23,28,44,0
33,44,22,30
100,0,0,40
100,0,0,0
73,23,5,0
100,0,0,30
37,34,28,0
89,11,0,0
75,12,12,0
68,18,14,18
24,14,38,44
41,48,9,0
44,44,11,0
28,52,19,0
68,20,12,0
61,22,17,0
8,12,11,70
89,11,0,0
50,33,17,0
40,20,0,100
56,43,0,0
50,0,50,12
100,0,0,0
50,25,0,44
44,26,21,19
67,17,17,0
61,11,27,0
36,36,28,0
33,17,33,0
33,0,50,67
56,44,0,30
100,0,0,12
26,13,43,45
68,32,0,0
48,19,33,0
33,33,33,22
61,22,17,0
75,0,12,25
40,0,40,60
67,17,17,0
67,17,17,0
71,14,14,0
67,33,0,0
68,16,16,0
50,33,17,12
44,44,11,30
50,50,0,0
12,12,25,92
78,22,0,0
52,19,28,0
0,0,20,90
10,10,28,64
21,38,18,47
100,0,0,100
62,12,12,67
59,18,23,9
17,17,0,100
67,17,17,0
36,18,45,30
56,28,14,0
64,28,9,12
91,9,0,0
33,39,13,12
50,27,23,0
50,33,17,0
100,0,0,0
22,22,56,50
57,25,8,0
74,22,4,0
50,33,17,0
48,28,5,20
19,24,45,33
77,18,5,0
50,38,12,22
78,0,22,0
100,0,0,0
68,32,0,0
56,34,9,0
67,17,17,0
32,26,42,0
41,28,28,0
71,28,0,0
83,0,17,0
33,0,67,38
44,28,3,47
92,4,4,0
26,14,56,18
83,17,0,0
17,0,33,67
35,22,35,0
67,17,17,0
13,9,52,25
88,0,12,0
83,17,0,0
28,23,30,22
44,41,15,0
28,0,28,71
23,18,55,9
80,15,2,30
41,27,32,0
48,33,19,8
67,33,0,11
63,32,5,0
45,21,26,27
78,20,2,0
38,9,53,0
47,44,9,0
33,0,33,67
95,5,0,0
17,0,67,12
49,40,9,11
50,17,33,25
1,6,20,70
38,33,28,0
50,17,33,12
36,17,38,14
33,7,60,9
21,32,37,33
0,0,0,90
83,17,0,12
33,56,11,30
43,28,0,0
88,0,12,0
70,18,0,62
42,25,25,0
67,17,17,0
67,33,0,0
59,32,9,0
4,7,20,74
62,30,8,11
100,0,0,0
0,20,0,90
33,14,52,0
100,0,0,0
50,33,17,0
36,27,36,0
78,22,0,30
15,12,3,70
5,9,9,22
50,33,17,0
27,32,34,38
64,27,9,0
62,21,17,0
33,33,17,38
50,50,0,11
67,17,17,0
88,12,0,0
74,26,0,0
100,0,0,0
41,32,23,0
50,18,9,47
79,0,21,0
90,0,0,0
64,25,2,50
17,0,33,88
12,9,56,47
67,33,0,0
59,20,22,0
67,33,0,30
50,17,33,0
50,33,17,0
75,25,0,0
60,40,0,0
67,17,17,0
44,32,24,10
65,12,0,47
100,0,0,12
76,0,0,47
50,12,38,0
75,25,0,0
27,27,31,12
11,22,44,23
36,32,23,27
56,11,22,30
86,12,0,0
100,0,0,0
64,18,18,0
0,20,20,90
48,19,33,0
74,17,9,0
0,0,0,100
26,4,65,45
59,23,18,9
89,11,0,30
67,17,17,0
34,34,32,0
4,9,18,70
11,14,62,50
56,33,11,30
78,22,0,30
33,33,33,12
76,24,0,0
59,32,5,0
47,33,21,0
17,17,17,44
33,17,33,78
71,28,0,28
98,2,0,0
18,9,50,33
88,12,0,0
75,12,12,0
43,28,14,71
50,33,17,0
22,19,36,47
16,22,56,25
59,18,0,47
100,0,0,0
38,38,25,0
51,33,14,40
67,28,5,0
57,26,16,0
44,17,34,0
67,17,17,11
90,10,0,0
36,54,10,0
46,37,15,27
35,2,52,0
19,14,41,38
81,14,5,0
83,14,2,0
33,0,67,0
33,56,11,0
28,24,48,0
81,15,4,0
44,33,22,30
88,0,12,0
88,12,0,0
43,19,33,80
33,0,50,11
17,17,33,38
41,26,9,47
40,40,20,20
67,33,0,0
91,9,0,0
33,0,67,0
56,21,0,47
33,36,28,0
62,28,10,0
68,9,23,10
100,0,0,0
56,44,0,0
75,12,12,25
33,22,44,40
42,15,15,67
83,17,0,12
48,14,38,0
23,23,27,27
83,17,0,0
50,17,33,0
26,3,0,70
100,0,0,0
21,8,1,70
43,10,38,64
75,12,12,0
88,0,12,0
33,33,33,62
39,41,17,20
67,33,0,0
49,28,23,20
17,0,50,56
49,7,38,27
68,27,5,0
75,25,0,0
67,17,17,0
28,36,36,11
48,31,21,0
8,11,12,70
54,28,17,0
78,17,5,0
27,23,41,40
50,33,17,0
41,11,43,25
62,28,10,0
9,8,13,70
71,28,0,0
33,14,49,10
32,32,28,56
100,0,0,14
50,33,17,0
57,37,5,0
83,17,0,0
90,10,0,0
92,5,0,30
33,14,52,0
33,17,50,0
27,9,50,69
86,14,0,0
7,12,11,70
64,15,12,31
35,20,39,22
73,27,0,0
67,17,17,11
42,47,8,0
39,55,6,12
56,18,18,20
33,33,33,0
37,16,47,0
62,25,12,0
17,7,69,0
11,0,0,50
83,17,0,0
67,24,10,9
41,9,5,82
75,12,12,0
73,27,0,0
50,25,12,56
15,15,44,60
75,25,0,0
50,33,17,0
21,23,49,0
26,4,48,64
20,60,20,0
17,33,0,71
28,24,48,10
74,3,0,47
33,0,50,33
48,5,38,20
73,27,0,0
22,30,32,0
27,50,23,0
36,9,36,45
100,0,0,0
18,16,62,11
27,9,64,0
36,32,32,0
50,17,33,0
75,12,12,0
48,20,12,0
100,0,0,0
20,0,16,100
33,17,50,56
33,17,50,0
90,10,0,11
35,30,25,40
88,0,12,38
50,25,25,0
24,12,40,80
33,33,33,75
40,20,40,0
96,4,0,0
38,24,33,22
56,44,0,30
0,0,20,90
67,17,17,0
64,32,5,0
33,21,43,14
67,17,17,0
21,19,48,33
44,44,11,30
50,17,33,0
33,11,22,90
0,0,0,100
67,17,17,0
45,25,25,8
48,10,38,50
85,10,5,0
37,23,37,11
19,2,63,12
100,0,0,0
21,21,39,0
45,9,45,0
43,14,43,0
28,38,33,0
55,34,11,0
34,23,36,11
50,33,17,0
23,9,67,0
88,12,0,0
40,19,41,0
43,28,28,0
80,20,0,0
33,0,50,88
23,14,36,44
25,2,52,75
20,20,40,40
41,25,32,20
32,22,46,0
38,25,12,0
67,14,19,0
82,18,0,0
65,22,13,0
75,25,0,0
56,43,0,0
65,12,0,47
32,32,12,47
86,0,14,0
53,16,30,0
87,4,0,0
4,4,21,75
50,24,3,53
10,14,67,0
33,50,17,50
57,38,4,0
81,9,9,0
0,0,40,90
22,8,1,70
59,32,9,0
4,4,20,74
67,33,0,0
43,48,10,0
67,17,17,0
22,33,44,30
21,21,32,50
44,44,11,30
83,0,17,0
33,67,0,0
27,7,61,0
68,13,17,0
10,16,5,70
64,14,21,18
80,20,0,0
50,33,17,0
26,21,42,14
52,48,0,0
50,25,25,11
33,50,0,12
46,33,12,11
67,28,6,0
66,20,14,0
78,22,0,20
50,41,5,0
38,31,31,0
28,28,43,50
20,11,0,70
80,20,0,0
74,13,13,0
40,28,33,0
36,31,26,56
56,14,28,0
36,24,32,11
40,31,22,20
62,33,5,0
40,14,45,12
59,18,23,9
51,16,30,0
26,21,26,50
36,18,45,0
19,9,2,70
80,15,5,0
46,25,21,0
78,22,0,0
100,0,0,0
25,0,46,17
18,8,53,88
20,20,60,50
44,28,3,47
100,0,0,0
68,27,5,0
36,32,32,7
88,0,12,0
50,32,18,0
50,17,33,12
14,5,71,22
42,21,37,11
33,50,17,0
24,38,24,20
33,33,33,33
17,0,17,56
40,22,25,25
55,19,19,38
33,17,50,22
59,23,18,9
95,5,0,0
20,0,20,70
71,19,10,0
40,0,20,60
40,0,60,50
33,19,44,12
52,28,19,0
64,32,5,0
43,34,21,43
56,14,28,0
100,0,0,0
46,34,20,0
51,28,20,0
50,33,17,12
95,5,0,0
19,38,43,0
56,22,11,0
62,38,0,12
28,24,43,0
24,5,19,33
50,50,0,0
89,11,0,30
22,11,33,78
88,0,12,0
21,4,49,50
43,56,0,28
28,5,33,80
83,0,0,25
43,33,24,0
33,50,17,22
80,20,0,0
100,0,0,0
57,26,16,0
12,12,31,100
22,0,78,30
30,13,20,100
48,24,28,0
67,17,17,0
67,33,0,0
31,11,24,0
50,50,0,0
30,4,22,67
17,26,34,47
36,27,36,0
55,18,27,27
14,11,32,25
89,11,0,0
23,5,64,40
55,27,14,27
60,10,30,44
44,33,22,21
14,14,28,33
44,19,30,0
61,30,9,0
74,23,0,30
20,60,0,70
67,0,33,0
28,10,19,78
100,0,0,0
65,32,0,0
28,28,43,12
52,38,10,0
31,0,0,70
20,60,0,60
73,27,0,0
46,15,28,20
50,33,17,22
11,0,67,40
33,11,56,30
33,0,67,11
50,17,33,0
88,0,12,0
50,24,3,47
50,50,0,17
100,0,0,0
5,9,17,70
14,5,14,67
17,0,0,89
47,32,21,0
17,13,1,70
74,24,2,0
0,20,20,60
18,3,51,100
60,20,20,0
50,17,33,12
88,12,0,0
40,40,20,0
79,4,8,0
43,14,43,0
50,17,33,0
23,14,36,20
0,0,12,100
24,14,56,10
33,67,0,30
32,51,17,0
73,23,5,0
18,18,36,20
88,9,0,0
50,28,12,0
50,17,33,12
67,33,0,0
100,0,0,0
14,23,23,78
77,18,5,0
33,50,17,0
33,17,33,62
33,33,33,11
50,17,33,12
100,0,0,0
17,0,0,100
37,26,37,0
56,16,27,33
9,16,5,70
52,19,28,0
33,33,33,12
40,38,19,0
60,20,20,0
31,31,38,10
14,35,37,22
52,32,15,11
50,25,25,0
48,24,28,20
33,0,33,33
50,28,12,0
33,17,50,0
86,14,0,0
44,33,22,30
75,12,12,0
78,9,13,0
20,0,60,100
6,5,21,70
62,33,5,0
36,20,39,0
38,0,12,38
60,21,19,0
62,25,12,0
21,11,57,33
67,17,17,0
50,17,33,11
56,33,12,0
100,0,0,0
68,32,0,0
67,17,17,0
56,10,33,0
36,17,28,25
28,33,33,36
41,18,18,33
17,17,50,44
100,0,0,0
67,28,4,0
44,44,11,30
52,26,21,0
33,8,46,45
67,22,0,25
11,22,22,33
4,9,18,70
33,24,41,25
38,28,33,0
67,17,17,0
64,25,11,0
67,17,17,33
62,23,15,0
42,31,27,14
33,44,22,30
71,28,0,12
14,14,28,43
83,17,0,0
79,16,5,0
79,17,5,0
48,48,5,0
89,11,0,30
73,23,5,0
72,21,7,0
4,12,14,70
60,40,0,11
69,24,7,0
71,28,0,0
67,17,17,0
33,33,33,0
27,18,41,50
71,14,14,27
14,0,0,86
86,14,0,0
33,19,37,30
34,7,45,45
38,20,42,0
42,28,21,22
44,56,0,30
83,17,0,0
78,22,0,0
61,22,17,0
74,13,7,27
82,14,5,0
66,24,10,11
19,5,56,22
28,15,54,25
50,17,33,12
60,10,20,0
50,50,0,0
100,0,0,0
34,19,47,0
50,50,0,0
59,15,3,47
32,9,45,50
79,21,0,0
38,28,33,33
78,22,0,0
75,25,0,62
32,45,23,17
30,13,43,0
83,17,0,0
48,23,18,62
31,21,43,22
13,12,6,70
75,25,0,20
41,28,6,53
0,12,62,25
31,28,28,20
55,18,27,0
43,38,19,0
50,28,17,9
67,17,17,0
67,28,5,0
63,24,13,0
2,1,23,70
70,22,7,0
56,28,14,0
33,50,17,11
50,17,33,0
61,39,0,0
82,18,0,0
18,32,26,47
65,22,13,0
44,28,3,47
38,50,12,0
83,17,0,0
100,0,0,0
52,14,33,0
100,0,0,0
71,0,28,0
28,28,38,9
52,28,20,18
88,10,2,0
71,0,28,12
21,18,37,12
33,17,50,22
78,22,0,0
57,21,21,0
68,9,23,0
88,0,12,0
42,36,12,42
50,25,0,0
100,0,0,0
100,0,0,0
90,0,0,0
14,9,18,100
62,21,17,0
28,0,51,40
21,4,33,38
41,25,23,62
67,10,24,0
83,17,0,0
76,24,0,0
33,33,33,0
49,28,23,6
33,14,52,0
35,30,30,11
23,9,50,40
38,38,24,9
67,0,33,50
75,25,0,0
19,0,52,100
56,28,0,0
41,27,32,0
67,0,33,0
30,18,25,28
86,14,0,0
86,14,0,0
76,22,3,0
24,14,52,50
38,10,43,45
100,0,0,0
56,23,15,12
33,0,67,75
26,23,38,0
50,17,33,0
54,12,25,0
68,22,10,0
50,33,17,0
20,11,50,36
100,0,0,0
49,31,20,0
11,0,78,30
75,25,0,0
89,11,0,0
89,11,0,30
68,9,0,47
59,23,18,0
55,27,14,18
14,9,45,73
50,33,17,0
67,17,17,0
9,17,5,70
100,0,0,0
67,0,33,11
50,0,50,33
40,35,21,44
33,50,17,11
37,21,37,0
50,40,10,0
53,35,9,12
23,9,36,27
15,3,44,73
83,17,0,0
89,0,11,30
67,17,17,0
26,13,39,0
13,13,71,11
12,0,50,62
42,23,26,0
100,0,0,0
48,36,9,0
44,25,31,0
38,28,33,11
50,26,0,47
71,28,0,0
7,7,16,68
50,17,33,0
33,0,33,56
14,14,28,50
33,33,33,0
33,0,67,11
100,0,0,0
28,14,33,11
28,43,14,28
55,18,27,9
40,28,24,11
20,7,18,100
83,0,17,0
71,0,0,0
67,17,17,0
33,17,50,11
44,11,22,60
56,14,14,27
62,25,12,44
23,7,52,50
51,37,12,0
48,13,30,0
21,37,42,0
20,40,40,0
22,22,56,30
52,14,33,0
41,11,36,33
38,25,0,67
56,33,11,30
40,0,60,20
83,0,17,0
33,17,33,67
33,33,33,0
25,0,38,50
100,0,0,0
100,0,0,0
21,5,26,64
86,14,0,0
4,4,23,70
33,11,56,30
30,15,26,75
75,25,0,0
88,0,12,0
40,33,26,0
53,21,3,47
43,28,28,0
28,23,40,17
48,38,14,0
100,0,0,0
71,14,14,0
82,18,0,0
100,0,0,0
67,33,0,30
38,19,43,0
50,17,33,0
17,0,0,100
61,27,11,0
31,36,26,36
62,38,0,0
46,21,33,0
71,0,0,0
71,19,10,0
67,33,0,0
64,18,18,0
100,0,0,0
12,15,3,70
67,0,33,0
50,50,0,0
50,23,27,9
83,17,0,0
14,14,38,62
41,27,32,0
71,14,14,0
83,17,0,11
33,17,33,11
56,28,14,0
71,0,28,12
33,17,33,44
33,56,11,27
61,30,9,0
48,10,43,20
9,12,11,70
67,33,0,0
67,33,0,0
17,17,17,44
52,33,14,0
19,24,50,22
14,15,2,70
43,28,28,71
100,0,0,30
38,25,32,12
43,28,28,14
24,20,56,0
74,21,5,0
44,27,28,0
44,11,44,50
22,24,13,88
67,17,17,0
62,33,5,0
56,36,5,0
86,9,5,0
35,20,26,27
44,33,22,30
56,20,15,33
43,14,43,0
83,17,0,0
62,25,12,0
100,0,0,0
61,22,17,0
38,22,40,0
76,24,0,0
98,2,0,0
92,8,0,0
56,43,0,43
46,15,35,0
50,17,33,0
32,55,14,0
67,0,33,12
33,17,50,11
65,20,12,33
76,8,8,100
33,33,17,33
67,17,17,0
48,36,16,0
43,56,0,12
67,25,8,0
19,28,48,0
56,14,28,0
17,0,0,100
33,33,33,30
100,0,0,0
67,11,22,0
82,15,0,30
66,21,13,0
27,13,20,0
71,28,0,0
27,45,23,11
80,20,0,0
100,0,0,0
62,12,12,11
32,9,50,0
38,25,38,0
45,19,31,11
15,18,33,12
44,56,0,30
40,16,44,0
67,33,0,0
39,9,9,62
74,21,5,0
27,9,49,36
41,50,9,0
33,17,40,27
55,23,23,27
52,13,9,78
75,12,12,0
100,0,0,30
50,33,17,22
100,0,0,0
50,23,27,27
27,7,41,88
76,0,0,47
50,0,50,0
42,21,28,67
76,0,0,47
17,0,0,100
14,5,28,89
27,14,55,9
28,38,33,9
25,14,54,25
81,19,0,0
91,6,0,0
83,0,17,0
50,33,17,11
63,37,0,0
83,17,0,67
33,19,48,18
35,16,28,0
70,28,2,0
41,32,27,0
91,9,0,0
50,50,0,0
74,3,0,47
5,12,14,70
0,0,12,100
15,15,44,60
76,10,14,0
67,17,17,0
36,0,41,55
23,32,41,44
33,0,33,22
88,0,12,0
50,17,33,0
100,0,0,0
32,37,28,0
43,43,14,0
33,17,50,0
37,26,28,62
43,25,30,22
89,11,0,0
40,21,19,89
45,38,17,0
67,33,0,11
64,20,4,0
65,9,3,47
65,13,22,0
36,38,21,0
41,27,32,0
50,17,33,0
62,25,0,11
50,33,17,0
44,30,26,0
89,11,0,30
33,0,67,33
50,17,33,0
27,18,45,10
30,32,27,38
32,18,32,55
47,35,19,0
100,0,0,0
86,14,0,0
44,22,33,0
43,39,17,0
100,0,0,0
52,19,28,9
25,16,55,18
83,0,17,0
75,0,25,0
10,9,12,70
17,0,0,88
28,24,28,36
45,31,24,0
40,32,28,0
27,23,32,9
33,17,50,11
19,43,19,11
28,28,44,12
100,0,0,0
9,12,10,66
12,9,9,70
88,12,0,0
83,17,0,0
56,31,12,44
61,22,17,0
24,24,51,0
28,20,32,56
12,15,50,47
33,0,67,0
12,0,25,88
51,21,26,0
21,28,45,27
75,0,25,0
33,50,17,33
100,0,0,0
28,1,1,70
44,56,0,30
33,0,67,33
32,0,40,50
37,37,26,0
83,17,0,0
23,19,40,78
67,0,33,0
100,0,0,0
56,22,22,0
50,17,17,38
24,24,28,47
75,12,12,0
98,2,0,0
88,0,12,0
52,28,5,44
46,25,27,0
26,7,31,86
100,0,0,0
83,17,0,0
64,36,0,0
33,0,50,38
86,14,0,0
100,0,0,0
28,14,56,11
25,25,38,75
45,18,23,8
38,28,26,20
50,27,23,18
33,50,17,12
71,14,14,0
33,67,0,75
85,7,7,0
14,5,23,78
83,17,0,0
45,0,55,0
39,9,48,22
98,2,0,0
32,28,15,47
21,32,24,47
40,16,38,10
60,40,0,0
33,17,0,33
33,17,50,44
43,26,13,0
33,17,50,11
33,17,50,0
33,17,50,33
100,0,0,0
67,17,17,0
61,32,7,0
41,14,45,8
14,7,9,70
81,9,9,0
26,33,36,11
62,14,19,36
100,0,0,0
55,32,14,0
91,9,0,0
41,26,30,0
71,28,0,0
65,13,13,0
74,15,11,0
24,33,43,27
75,25,0,0
77,9,9,0
16,32,53,11
72,21,8,0
43,14,38,11
56,11,0,67
74,22,4,0
25,10,56,0
75,25,0,0
15,14,2,70
67,33,0,40
67,33,0,0
32,18,32,45
40,40,20,38
44,44,11,30
53,15,0,47
59,12,24,0
67,33,0,12
67,33,0,30
56,35,8,9
50,33,17,0
71,21,0,0
50,26,0,47
32,27,41,20
56,22,20,0
33,0,67,0
26,38,36,0
56,32,12,0
28,14,43,56
23,9,59,0
71,14,14,14
62,36,2,18
36,13,49,33
7,17,7,70
100,0,0,0
45,9,41,0
78,22,0,30
24,24,28,47
86,14,0,0
43,0,14,100
59,34,7,0
62,0,24,73
100,0,0,0
100,0,0,0
28,21,38,82
62,12,0,44
43,28,24,0
83,4,12,0
43,19,38,0
28,17,17,64
27,9,64,25
100,0,0,0
20,10,1,70
60,10,0,33
36,32,32,0
56,5,0,44
13,18,13,88
24,14,52,17
56,43,0,43
17,17,17,67
76,19,5,0
22,67,11,30
38,21,40,12
80,10,10,0
88,0,12,0
28,28,28,9
75,12,12,0
88,12,0,0
71,28,0,0
50,33,17,0
43,19,33,45
40,12,44,14
57,24,7,88
81,15,4,0
62,12,25,0
38,28,33,10
68,9,23,0
51,16,33,11
67,17,17,0
50,17,33,0
70,17,4,0
38,12,38,11
86,14,0,0
24,24,40,11
28,3,0,70
78,11,0,0
83,17,0,0
23,9,41,45
38,50,12,27
33,26,36,12
34,28,24,12
86,0,14,0
33,67,0,11
100,0,0,0
83,13,4,0
59,14,27,0
50,0,0,100
91,9,0,0
64,36,0,0
52,19,28,8
70,22,7,0
32,27,41,0
5,3,25,70
20,60,20,0
11,8,12,57
50,50,0,0
95,5,0,0
88,12,0,0
64,14,23,0
100,0,0,0
100,0,0,0
33,33,33,11
50,17,33,12
28,19,52,0
100,0,0,30
50,50,0,0
82,14,5,0
0,50,25,100
25,25,12,0
41,20,20,11
0,11,0,90
33,28,14,90
7,9,15,70
22,22,56,40
27,14,18,91
33,0,33,88
38,14,33,22
27,27,41,0
64,27,9,0
75,12,12,11
32,43,25,11
32,14,23,17
45,32,22,0
56,24,19,0
67,16,16,0
10,15,7,70
0,0,0,100
83,0,17,0
52,17,30,12
75,0,0,89
80,20,0,0
100,0,0,0
37,34,28,10
62,38,0,0
20,9,1,70
80,20,0,0
59,15,3,47
88,0,12,11
86,14,0,14
33,24,38,57
30,9,55,27
33,0,67,0
68,27,5,0
48,38,14,0
75,12,0,56
59,18,0,47
43,19,33,33
90,10,0,0
83,0,17,0
75,0,12,0
17,0,67,25
65,22,10,40
48,9,39,0
71,28,0,0
28,17,49,22
83,0,17,0
33,24,43,0
43,14,43,0
43,24,31,0
41,5,36,27
20,30,20,0
39,34,27,0
88,12,0,0
42,21,35,0
80,20,0,0
80,20,0,0
95,5,0,0
87,4,0,0
33,43,24,0
37,33,28,25
59,14,27,27
40,32,15,33
50,20,20,27
89,11,0,30
35,17,26,83
20,0,0,60
50,17,33,0
59,38,3,0
50,23,27,73
33,17,50,0
50,25,25,0
33,50,17,0
76,22,2,0
47,16,37,0
71,28,0,0
100,0,0,0
67,0,33,0
70,30,0,0
50,33,17,33
26,37,37,0
43,43,13,0
71,10,19,0
25,0,50,100
56,28,14,14
43,19,38,10
44,31,25,0
71,28,0,0
43,33,19,11
83,17,0,33
87,13,0,0
31,10,31,100
25,5,1,67
50,25,25,0
41,17,39,17
41,41,18,0
87,4,0,12
89,11,0,0
71,28,0,0
4,3,24,70
20,40,40,0
22,17,61,11
83,0,17,0
56,43,0,0
76,19,5,0
100,0,0,0
100,0,0,0
50,33,17,0
14,28,28,0
91,0,0,0
67,22,11,0
4,11,16,70
53,33,13,0
56,33,11,0
51,14,32,0
67,33,0,0
50,50,0,0
33,17,50,25
100,0,0,0
100,0,0,0
33,0,50,25
76,19,5,0
24,7,56,36
60,40,0,0
52,22,26,0
100,0,0,0
50,17,33,0
95,5,0,0
75,12,12,0
56,14,28,0
78,22,0,0
87,9,4,0
64,30,0,18
43,28,0,71
71,14,14,0
9,14,7,70
6,15,35,47
33,0,0,100
50,33,17,0
37,22,35,27
40,14,33,78
33,0,33,56
60,40,0,0
67,0,33,0
75,12,12,0
61,26,10,0
75,12,12,0
64,20,8,0
66,17,17,0
50,27,23,64
78,19,4,0
50,33,17,11
83,17,0,17
48,22,30,0
100,0,0,0
83,0,17,0
45,18,27,9
33,14,52,0
59,14,27,82
70,21,9,0
89,11,0,0
50,33,17,0
33,20,26,30
80,20,0,0
62,19,14,40
50,17,33,0
85,15,0,0
26,35,35,25
67,17,17,0
68,9,0,47
45,24,31,0
38,4,54,20
61,27,11,0
33,33,33,44
83,17,0,0
67,33,0,0
51,28,21,0
12,9,9,70
70,30,0,0
21,28,26,47
47,26,28,11
77,23,0,0
100,0,0,0
88,12,0,0
47,47,7,9
28,19,43,11
100,0,0,0
97,3,0,0
83,17,0,0
33,33,24,0
75,12,12,0
86,5,9,0
43,39,19,0
24,38,15,47
14,0,0,100
67,17,17,0
67,0,17,12
95,5,0,0
12,7,47,89
50,33,17,0
54,28,15,12
100,0,0,38
45,9,32,0
40,40,20,0
68,27,5,0
23,45,23,0
83,17,0,0
59,31,10,0
36,32,27,33
19,0,43,90
32,23,45,0
50,5,36,57
67,17,17,0
33,67,0,30
83,17,0,0
49,22,28,0
35,24,33,12
70,30,0,0
76,19,5,0
67,33,0,30
50,45,5,0
100,0,0,0
33,10,56,0
33,0,17,56
43,28,28,43
50,17,33,0
67,31,2,0
71,28,0,0
31,0,0,70
33,50,17,11
59,27,14,0
26,24,34,12
38,26,36,0
39,21,40,0
49,33,18,38
18,28,28,53
38,24,38,0
24,5,62,0
28,14,0,33
36,20,43,0
68,9,0,47
83,0,0,33
64,32,5,9
36,27,27,33
100,0,0,0
89,11,0,0
19,14,43,44
62,19,19,0
27,14,50,9
62,15,18,12
36,23,41,0
82,13,3,0
55,18,18,40
62,28,9,0
82,11,0,20
33,33,33,0
17,17,50,100
9,12,10,70
82,14,5,0
100,0,0,0
50,33,17,0
45,28,26,0
49,37,12,27
61,17,22,11
67,33,0,0
100,0,0,0
22,11,44,57
50,33,17,0
80,19,2,0
86,14,0,0
24,5,28,55
15,32,49,22
33,17,50,22
15,13,3,70
40,26,35,0
67,24,4,70
39,17,35,33
43,28,28,0
75,12,12,0
40,60,0,0
83,0,17,11
75,25,0,0
56,26,14,0
48,19,28,8
45,30,25,0
20,60,20,0
62,12,25,0
21,16,63,11
87,4,9,0
46,17,28,18
39,9,33,100
83,17,0,25
95,5,0,0
38,5,56,0
14,0,0,100
32,32,37,11
83,17,0,12
20,40,40,0
50,33,17,0
36,14,36,27
33,0,67,33
75,12,12,0
52,10,33,8
50,17,33,0
28,14,48,33
28,17,47,27
15,21,41,47
36,9,36,10
71,14,14,0
62,38,0,0
10,10,11,70
64,28,7,0
100,0,0,0
61,37,3,0
83,17,0,0
21,31,38,18
70,13,17,0
62,12,12,11
83,17,0,0
47,28,0,47
34,9,41,69
22,56,22,30
100,0,0,62
100,0,0,0
40,0,60,0
50,45,5,18
33,0,67,0
71,28,0,0
56,44,0,12
66,34,0,0
25,12,48,11
30,12,56,0
74,9,17,0
44,28,24,0
43,14,43,28
34,20,32,89
50,33,17,0
53,24,0,47
75,0,12,0
56,26,17,0
0,0,0,100
56,11,33,30
17,0,0,75
39,26,17,38
44,22,33,0
38,21,33,0
33,17,50,0
50,50,0,0
44,56,0,27
23,9,18,100
33,0,67,30
40,21,33,22
56,11,33,30
88,12,0,0
33,33,17,22
100,0,0,0
50,33,17,0
24,22,51,22
100,0,0,0
27,50,9,10
75,12,12,0
76,19,5,0
31,16,42,12
75,12,12,0
83,0,17,0
91,9,0,0
35,10,45,18
44,0,56,30
36,11,48,20
20,20,40,50
24,16,30,38
41,24,32,0
50,33,17,0
71,14,14,0
35,30,27,12
45,32,23,0
67,17,17,38
54,35,11,0
80,20,0,0
68,32,0,0
24,10,62,22
0,0,38,62
59,36,5,9
35,19,39,12
17,12,1,70
38,21,28,11
78,22,0,0
24,24,52,0
100,0,0,0
67,33,0,30
50,17,33,0
71,28,0,0
63,37,0,0
28,5,43,79
42,33,25,12
28,1,0,70
59,27,14,0
100,0,0,0
50,17,33,0
50,33,17,0
18,27,50,44
43,25,20,62
33,0,33,56
35,9,53,0
89,11,0,0
100,0,0,0
62,12,25,0
50,0,33,67
56,24,19,8
100,0,0,0
56,44,0,30
14,0,5,80
56,14,28,14
56,28,14,14
23,23,36,55
83,17,0,0
62,38,0,0
13,13,24,100
73,18,9,0
40,28,33,0
67,17,17,0
71,10,19,0
48,14,38,22
71,28,0,0
18,28,28,47
35,17,26,30
33,0,67,22
28,41,6,47
40,31,28,0
48,32,12,0
14,12,56,33
62,12,3,47
100,0,0,0
32,41,27,0
100,0,0,0
50,25,25,0
75,12,12,0
50,12,38,0
33,17,50,12
67,0,33,0
11,44,44,0
86,14,0,0
48,43,10,0
67,28,5,11
74,26,0,0
67,11,22,30
50,17,33,11
56,28,14,0
70,30,0,0
91,4,4,0
24,11,62,20
75,12,12,25
13,21,39,12
7,7,15,68
100,0,0,0
83,17,0,0
100,0,0,0
20,20,60,20
62,12,25,22
33,17,33,56
46,9,22,60
67,33,0,0
0,0,0,88
62,25,12,12
37,15,37,42
42,30,26,0
33,17,50,22
24,35,15,53
89,11,0,40
43,26,28,0
83,17,0,0
81,19,0,0
55,41,5,0
39,28,22,12
28,14,28,91
57,38,4,0
32,14,50,30
33,33,33,0
21,24,32,47
83,17,0,0
42,40,19,0
43,38,19,0
33,33,33,11
27,14,18,9
75,25,0,0
75,12,12,0
67,17,17,12
100,0,0,0
23,27,45,9
0,0,12,100
62,12,25,22
33,0,33,75
26,32,42,0
50,0,50,22
33,17,50,10
86,14,0,0
46,38,17,0
33,33,33,0
50,33,17,0
55,23,23,0
73,9,18,0
100,0,0,0
48,10,43,40
44,44,11,0
67,33,0,0
62,25,0,22
25,5,1,70
38,38,25,14
50,17,33,0
83,17,0,0
19,23,56,0
73,23,5,0
27,27,44,0
22,11,67,30
24,41,12,47
32,41,27,0
27,14,41,45
83,17,0,0
67,17,17,0
50,17,33,12
21,42,37,33
17,33,0,88
10,20,60,25
28,19,38,40
33,17,50,0
38,25,0,50
32,19,38,75
37,22,39,25
36,18,40,36
20,0,80,80
75,0,25,0
38,38,25,0
33,7,48,27
67,17,17,0
67,33,0,0
28,0,43,43
88,0,12,0
50,0,50,0
33,33,33,12
71,0,28,0
41,23,36,15
38,8,50,36
35,21,35,30
19,28,24,89
70,28,0,27
50,33,17,22
23,0,23,20
11,0,78,50
50,17,33,0
48,19,33,0
33,0,67,0
100,0,0,0
46,27,27,9
14,5,48,67
32,9,59,0
45,9,32,0
41,14,32,18
40,60,0,0
75,12,12,0
100,0,0,0
28,26,36,0
62,12,0,25
41,23,36,0
56,44,0,30
48,39,13,0
33,33,33,0
83,17,0,0
100,0,0,0
90,10,0,11
41,50,9,0
48,38,14,0
24,40,28,12
0,0,20,90
36,50,14,0
38,38,0,0
17,17,67,0
38,50,0,100
100,0,0,0
50,34,16,0
43,43,14,14
73,23,5,0
75,0,25,12
73,23,5,0
44,18,15,47
72,12,16,0
50,25,12,25
24,35,9,53
67,33,0,30
18,5,73,11
83,0,17,0
83,0,17,0
75,25,0,0
24,44,9,47
67,0,33,38
23,5,36,57
50,17,33,0
75,25,0,0
71,26,2,0
86,14,0,0
88,5,0,20
67,17,17,0
24,21,28,60
87,13,0,0
41,46,12,0
83,17,0,0
67,17,17,25
40,40,20,0
18,47,12,47
80,20,0,0
33,56,11,30
32,45,23,0
17,50,17,25
9,12,9,74
16,13,1,70
60,40,0,0
82,12,5,0
28,5,28,33
34,18,34,55
24,0,48,8
40,18,35,30
67,33,0,0
32,32,37,11
68,18,14,27
15,18,36,12
50,33,0,100
77,23,0,0
18,9,3,70
0,20,20,80
33,22,44,40
33,0,17,33
75,12,12,0
67,17,17,22
22,22,56,0
43,10,48,0
48,17,36,0
7,15,9,85
22,15,41,100
97,3,0,0
23,23,41,10
27,24,49,0
50,0,33,38
24,14,52,0
51,27,20,11
44,56,0,0
100,0,0,0
8,0,83,27
38,38,25,28
47,16,37,0
33,17,50,11
86,9,5,0
28,45,18,12
67,17,17,0
28,23,40,75
0,38,12,67
83,0,17,0
44,56,0,30
62,12,25,0
100,0,0,0
28,33,40,11
60,27,13,0
24,10,67,9
88,12,0,0
50,23,27,18
62,28,7,0
50,50,0,0
30,14,51,0
28,12,59,0
68,27,5,0
52,24,12,0
100,0,0,0
33,33,33,0
83,0,17,0
50,32,18,0
33,0,67,62
86,14,0,0
78,22,0,0
62,12,12,33
43,23,20,62
100,0,0,0
100,0,0,0
11,13,7,70
21,35,18,73
76,0,0,47
12,38,0,43
56,14,28,0
40,40,20,62
60,10,10,33
11,11,33,20
38,19,35,0
33,17,50,11
17,42,42,30
0,20,20,40
50,33,17,0
48,14,38,0
50,0,50,11
100,0,0,0
14,14,0,100
65,22,13,0
67,0,17,50
24,35,12,53
33,46,18,14
32,45,23,9
33,33,33,0
50,17,33,0
33,17,50,22
59,14,27,9
20,0,10,100
67,17,17,0
67,24,10,0
41,41,14,0
39,51,10,0
55,30,15,0
25,25,25,12
20,20,40,50
51,22,11,28
71,6,0,47
24,12,60,18
52,30,17,0
56,30,14,0
68,22,11,0
22,24,32,38
75,12,12,0
62,28,10,0
83,17,0,0
91,6,3,0
46,25,28,0
20,7,18,69
38,20,40,11
38,13,47,22
16,5,27,88
56,44,0,30
71,0,28,0
37,35,28,0
62,25,12,12
67,17,17,0
56,43,0,0
8,14,53,47
83,0,17,0
75,0,12,20
91,2,0,20
66,27,7,0
28,27,38,18
59,18,23,9
83,0,17,0
38,24,38,0
50,33,17,0
26,21,31,38
67,33,0,0
30,13,43,27
33,50,17,0
33,67,0,38
67,17,17,0
86,14,0,28
100,0,0,0
82,18,0,0
45,14,31,0
52,28,19,0
86,14,0,0
27,5,32,62
38,25,32,16
33,0,67,11
100,0,0,0
50,17,33,0
15,12,37,0
50,27,23,0
35,20,45,27
100,0,0,0
71,28,0,27
27,14,27,25
14,25,39,47
76,15,9,0
68,9,0,47
35,23,40,0
50,32,18,0
6,12,12,70
15,15,1,70
20,40,40,20
40,25,31,14
63,27,10,0
56,28,14,0
46,24,28,12
83,17,0,0
50,45,5,0
100,0,0,0
24,16,48,9
33,17,50,44
33,17,17,25
52,30,7,62
98,2,0,0
73,19,7,0
88,12,0,0
0,0,17,75
5,0,10,100
68,21,5,0
67,17,17,11
83,0,17,0
100,0,0,0
67,33,0,0
75,12,12,0
22,22,33,25
78,17,4,0
33,19,47,0
86,14,0,0
59,28,13,0
10,12,8,70
28,24,43,36
75,25,0,0
78,22,0,30
89,11,0,0
12,25,38,100
100,0,0,0
22,34,44,0
35,28,6,60
24,17,38,50
33,11,11,50
81,19,0,0
18,18,27,25
22,15,34,70
33,33,33,11
0,0,14,83
50,27,23,0
62,25,12,0
71,14,14,0
26,41,22,25
56,38,5,0
60,40,0,0
67,20,13,0
88,12,0,0
25,12,25,43
43,17,39,0
79,21,0,0
22,22,0,45
71,0,14,43
64,23,14,0
30,9,40,67
9,17,49,47
60,0,40,0
33,24,28,30
40,20,40,40
24,32,32,0
80,20,0,0
50,17,33,0
75,12,12,0
67,0,33,0
31,12,55,0
62,38,0,0
56,22,11,0
100,0,0,0
100,0,0,0
32,15,30,50
75,13,12,0
50,33,0,75
23,9,50,47
39,17,28,40
32,28,32,38
83,17,0,0
53,42,5,0
55,24,21,11
100,0,0,0
33,0,67,22
70,0,20,20
43,0,14,86
55,36,9,0
7,13,11,70
38,31,27,0
33,33,33,11
95,5,0,0
60,34,6,18
100,0,0,0
30,22,41,12
0,20,40,90
37,24,34,100
18,16,32,56
12,0,0,22
46,22,26,20
100,0,0,0
70,13,9,0
38,23,38,12
20,10,0,70
59,27,14,0
11,17,3,70
19,21,49,22
100,0,0,0
50,25,25,0
100,0,0,0
22,0,0,70
41,37,22,0
33,28,38,0
83,17,0,0
15,21,41,47
16,11,73,12
75,12,12,11
40,30,26,10
50,38,0,17
20,20,60,20
43,0,14,86
33,36,31,0
52,24,24,0
56,21,19,0
33,33,33,0
0,11,0,80
41,30,27,10
93,7,0,0
55,36,9,0
36,30,34,0
20,9,45,75
88,12,0,12
92,8,0,0
52,22,26,0
53,42,5,0
50,21,21,0
67,17,17,0
36,15,36,25
83,17,0,0
33,50,17,11
55,34,11,0
67,0,33,0
100,0,0,0
67,12,17,0
94,6,0,0
35,38,3,47
50,50,0,0
53,34,13,0
17,11,3,70
18,45,18,75
47,28,26,11
69,15,15,0
24,21,55,0
33,33,33,11
74,3,0,47
30,40,0,25
67,33,0,0
14,10,67,44
17,0,83,43
28,21,38,30
7,15,9,70
17,0,67,22
76,19,5,0
67,33,0,0
50,33,17,0
60,26,14,0
60,35,5,0
94,6,0,0
15,25,38,60
50,17,33,0
45,28,28,0
35,48,13,45
71,28,0,12
21,3,45,12
50,33,17,0
44,22,33,30
95,5,0,0
33,24,33,27
88,0,12,0
88,0,12,33
43,0,43,43
56,43,0,0
100,0,0,0
83,17,0,0
50,50,0,0
87,4,0,0
39,4,39,0
17,33,17,11
17,50,17,11
33,17,33,22
92,8,0,0
33,33,33,33
45,23,32,0
50,33,17,0
35,17,43,0
65,22,14,0
56,11,33,0
100,0,0,0
33,10,24,69
38,19,43,0
47,21,32,20
31,33,36,0
46,32,15,0
52,23,14,62
56,14,28,28
32,41,23,27
52,24,24,0
100,0,0,0
56,14,14,25
67,33,0,0
100,0,0,0
75,12,12,0
39,26,26,62
50,12,38,0
37,33,30,0
24,19,33,33
85,15,0,0
36,5,41,25
88,12,0,0
78,22,0,30
43,17,35,56
91,0,9,0
11,13,50,47
9,11,11,68
56,0,43,0
43,34,21,38
47,28,26,0
47,23,30,0
50,33,17,0
92,8,0,0
12,15,50,47
75,22,2,0
80,0,0,25
100,0,0,0
32,32,23,56
48,24,27,0
50,50,0,0
56,33,11,30
28,26,12,53
75,12,12,14
100,0,0,0
78,10,10,0
88,12,0,0
25,0,12,50
50,0,33,11
50,17,33,50
27,50,14,0
33,0,33,56
67,33,0,30
41,32,27,0
48,17,35,9
19,10,38,11
33,50,17,22
30,9,45,81
27,15,52,40
35,6,59,0
83,0,17,0
20,34,23,47
44,37,19,0
72,20,8,0
20,0,40,100
77,18,5,0
39,22,30,38
71,28,0,0
27,18,55,0
72,27,1,0
35,31,20,30
83,14,0,30
89,0,0,0
88,12,0,0
20,20,40,30
75,0,25,0
87,0,13,0
36,10,52,12
75,12,12,0
35,19,37,20
0,38,12,67
12,14,70,12
89,11,0,30
50,50,0,22
18,3,21,100
100,0,0,0
37,27,32,0
50,0,50,0
100,0,0,0
67,17,17,0
28,6,33,12
23,36,32,0
90,10,0,0
100,0,0,0
32,22,39,38
80,20,0,0
50,18,9,45
50,33,17,0
83,0,0,75
100,0,0,0
50,33,17,0
5,1,20,100
65,22,13,0
43,0,0,71
22,4,52,62
23,23,50,9
72,12,16,0
22,11,67,25
45,40,15,0
86,14,0,0
33,17,50,0
30,26,42,22
100,0,0,0
54,27,20,0
50,50,0,25
91,9,0,0
71,14,14,14
100,0,0,0
41,27,32,0
44,56,0,30
56,24,19,0
32,11,49,14
