Доля 5,Доля 4,Доля 3
88,12,0
75,12,12
22,22,56
38,20,40
67,17,17
100,0,0
100,0,0
83,17,0
48,24,19
50,33,17
76,24,0
100,0,0
75,0,25
75,15,10
56,22,22
90,0,0
37,5,53
24,5,67
50,17,33
34,34,32
71,24,5
24,10,62
17,17,17
28,13,50
0,0,0
18,10,2
81,19,0
18,9,41
95,5,0
67,0,33
68,27,5
33,10,56
30,20,43
8,5,19
50,33,17
33,0,67
68,18,14
67,33,0
62,38,0
12,9,9
71,14,14
39,17,43
28,24,43
24,5,48
33,17,50
76,0,0
43,28,28
0,0,0
28,3,0
100,0,0
47,26,3
66,21,13
0,0,12
83,0,17
55,18,18
20,40,40
17,0,33
40,38,19
28,19,38
56,36,7
50,17,33
75,0,12
60,20,20
19,0,52
88,12,0
100,0,0
89,11,0
27,14,55
77,23,0
75,12,12
21,21,39
48,38,14
83,17,0
64,28,7
27,30,37
56,30,14
67,28,4
38,40,13
50,17,33
67,33,0
61,30,9
100,0,0
50,33,17
41,18,32
25,12,48
88,0,12
67,16,16
100,0,0
26,7,38
21,9,0
33,50,17
56,24,17
75,25,0
50,50,0
62,28,10
60,40,0
14,0,5
50,33,17
50,25,12
62,25,12
62,25,12
83,17,0
71,28,0
36,32,32
50,17,33
33,17,0
28,15,54
32,32,28
40,38,19
44,37,19
33,0,33
75,0,12
23,8,0
33,0,67
71,27,2
38,25,25
77,18,5
56,26,17
83,4,12
83,17,0
44,33,22
67,33,0
74,23,0
76,22,2
43,41,16
33,17,50
12,12,25
24,35,15
3,6,23
78,22,0
20,0,60
33,27,36
62,15,0
52,38,10
43,43,14
71,14,14
83,0,17
49,44,8
76,15,9
80,15,2
33,0,67
50,32,18
17,50,0
75,0,25
100,0,0
33,21,43
50,33,17
7,7,15
78,0,22
56,14,0
38,38,0
100,0,0
36,18,32
50,30,14
38,21,40
100,0,0
60,10,20
62,25,0
33,50,17
22,22,33
17,0,50
75,25,0
55,34,11
28,33,19
100,0,0
27,18,45
52,33,14
79,19,2
100,0,0
67,17,17
20,34,23
41,18,39
100,0,0
36,23,27
33,0,67
68,32,0
50,17,33
63,10,22
62,12,12
56,14,28
99,1,0
64,14,23
56,14,28
80,20,0
67,17,17
0,0,17
25,12,12
0,0,14
18,38,21
43,36,20
40,20,0
74,13,4
75,25,0
92,8,0
67,17,17
82,18,0
33,50,17
32,5,14
59,18,0
67,0,33
44,18,15
42,21,35
33,33,28
33,17,40
62,25,4
21,36,43
50,25,25
28,43,28
88,12,0
88,12,0
27,41,32
28,20,43
24,14,52
100,0,0
100,0,0
100,0,0
33,17,50
36,31,31
56,22,22
43,9,26
88,12,0
38,21,40
83,0,17
47,26,3
64,19,17
39,4,26
56,44,0
38,50,0
41,27,14
51,28,20
64,32,5
30,45,20
38,24,38
100,0,0
33,11,56
50,0,50
39,5,37
18,15,44
59,24,17
38,28,24
42,21,37
86,14,0
40,60,0
59,32,9
45,19,31
60,19,21
52,28,5
23,14,55
60,17,24
35,14,51
22,34,44
50,12,38
56,10,33
74,13,13
33,33,0
46,12,27
24,40,28
28,14,43
36,5,36
75,12,12
28,28,38
26,37,37
33,56,11
18,18,59
39,22,33
50,33,17
43,13,30
50,17,33
89,11,0
83,0,17
48,38,14
11,17,3
65,22,13
28,23,49
59,15,3
45,18,36
67,33,0
50,25,25
7,14,10
87,4,0
40,28,24
80,20,0
67,33,0
68,27,5
100,0,0
45,9,41
43,10,48
33,7,56
55,28,14
76,22,3
50,33,17
100,0,0
75,0,25
71,28,0
26,23,38
50,36,14
67,33,0
50,50,0
27,27,36
27,23,32
67,0,0
100,0,0
76,24,0
50,25,21
56,22,20
38,28,33
75,25,0
44,26,21
41,27,32
88,0,12
48,36,9
15,13,3
38,19,43
79,16,5
0,20,0
28,19,36
33,0,17
91,0,0
41,22,9
71,28,0
68,14,18
35,9,53
67,33,0
48,31,21
36,26,28
67,33,0
83,17,0
100,0,0
83,0,17
33,33,33
43,10,43
83,17,0
88,12,0
37,47,16
36,27,32
33,67,0
50,17,33
70,18,0
48,23,18
56,0,43
100,0,0
9,14,7
35,50,15
100,0,0
60,20,20
81,14,5
33,0,50
56,33,12
66,34,0
38,28,26
68,13,17
41,26,30
33,0,67
33,38,28
50,33,17
50,38,12
100,0,0
46,24,28
71,6,0
88,12,0
59,33,7
100,0,0
88,12,0
33,17,33
45,31,24
33,33,28
48,14,38
83,0,17
84,9,7
83,17,0
86,5,10
67,0,33
98,2,0
83,17,0
36,20,43
33,17,50
83,17,0
4,9,18
50,17,33
37,16,47
25,2,52
67,17,17
50,9,36
37,30,28
95,5,0
55,31,14
65,22,14
0,0,40
100,0,0
44,22,33
100,0,0
88,12,0
83,17,0
39,4,39
56,28,14
82,18,0
89,11,0
71,28,0
85,10,5
27,27,41
33,17,50
43,0,0
43,14,43
60,40,0
53,34,13
45,27,16
33,17,17
28,28,43
71,28,0
59,27,14
41,46,12
28,1,1
49,41,10
70,10,20
55,23,23
71,21,8
71,28,0
28,13,40
38,28,33
100,0,0
56,14,28
100,0,0
24,16,45
27,12,54
50,33,17
33,0,50
23,36,41
35,10,45
90,10,0
50,33,17
62,12,25
47,47,7
83,17,0
49,15,36
100,0,0
28,28,43
22,11,33
33,33,33
50,33,17
67,11,0
50,38,12
43,16,41
32,18,32
34,28,24
91,6,0
83,17,0
30,23,40
40,17,43
68,20,12
67,12,8
23,0,23
83,17,0
21,32,37
83,17,0
59,18,23
62,19,19
93,6,2
100,0,0
71,19,10
44,30,13
90,10,0
56,14,14
34,7,45
43,14,28
67,33,0
88,4,0
68,32,0
28,14,56
75,25,0
28,19,52
84,16,0
100,0,0
26,44,6
22,20,54
67,21,12
16,5,74
19,7,63
33,0,0
50,50,0
62,25,12
73,27,0
88,10,0
33,50,17
50,33,17
26,28,21
83,17,0
23,11,36
39,37,22
30,15,26
80,20,0
21,38,18
67,0,33
28,24,43
61,32,7
33,44,22
0,0,0
88,12,0
17,13,26
80,20,0
45,41,2
67,0,33
50,0,33
38,25,0
33,50,17
55,28,17
83,0,17
100,0,0
24,14,38
100,0,0
56,32,12
68,9,23
50,17,33
24,11,62
32,27,41
83,0,17
35,30,30
62,19,19
19,19,24
33,33,33
56,44,0
80,20,0
23,23,49
74,19,7
36,25,39
32,23,45
48,34,7
38,19,14
20,20,60
50,18,9
83,17,0
67,17,17
56,28,14
54,24,22
63,34,0
50,50,0
80,20,0
67,33,0
30,4,17
71,17,10
41,30,27
33,0,67
33,17,50
100,0,0
56,30,13
71,28,0
50,17,33
88,0,12
14,25,39
47,12,9
18,47,12
33,17,33
41,14,45
33,11,56
33,50,17
75,12,12
56,13,30
40,32,28
27,32,41
32,15,38
50,0,50
83,17,0
43,28,28
36,25,39
35,26,39
37,25,38
50,17,33
33,17,50
38,19,35
75,25,0
52,38,10
43,14,43
24,26,40
39,30,18
44,44,11
64,18,5
75,12,12
25,14,54
67,0,33
36,40,24
43,24,14
56,28,14
37,17,46
53,21,26
32,22,46
100,0,0
78,22,0
33,67,0
15,10,6
33,50,17
36,23,36
18,18,27
67,17,0
50,33,17
43,38,19
42,31,27
33,50,17
20,20,30
40,18,35
92,8,0
36,23,41
39,34,20
83,17,0
32,18,36
74,24,2
68,27,5
75,12,12
70,22,9
17,17,0
50,33,17
52,24,19
44,33,11
31,27,33
70,17,4
48,38,14
27,9,45
100,0,0
67,33,0
38,28,33
33,0,50
50,25,12
67,33,0
62,12,25
50,17,33
67,33,0
80,10,0
100,0,0
91,0,0
30,26,42
37,28,34
64,15,12
26,18,32
14,12,56
43,24,31
28,19,43
33,17,50
44,41,15
17,0,0
100,0,0
23,7,1
26,24,34
50,33,17
100,0,0
40,40,20
32,0,40
76,24,0
83,0,0
19,28,48
57,24,11
40,20,40
64,23,14
17,0,17
33,19,48
39,24,28
57,38,4
91,9,0
78,22,0
24,16,46
33,17,33
50,12,38
40,30,26
55,18,27
25,12,25
33,17,50
50,33,17
60,20,10
18,23,36
27,4,0
83,0,17
75,12,12
11,22,22
48,24,28
50,0,17
78,22,0
47,32,21
76,24,0
76,22,2
56,22,11
0,0,12
50,0,50
56,43,0
20,0,80
83,0,17
50,12,38
7,13,10
43,43,14
75,12,0
38,19,31
48,19,33
81,0,19
24,5,56
88,12,0
33,17,50
91,9,0
33,33,33
18,12,1
43,28,28
88,12,0
67,17,17
74,4,13
23,9,64
55,19,19
22,0,78
35,16,28
100,0,0
33,19,36
74,21,5
33,7,31
52,33,14
33,38,28
43,0,56
62,21,16
100,0,0
45,9,32
50,25,25
33,33,33
14,9,18
45,18,36
64,14,21
75,25,0
38,22,40
26,41,22
83,17,0
0,0,60
94,6,0
25,33,19
64,23,14
43,28,26
100,0,0
44,56,0
91,9,0
38,10,38
45,9,32
50,50,0
33,14,48
90,10,0
33,33,17
50,32,14
71,0,28
27,16,56
39,30,30
38,13,47
36,0,41
56,44,0
41,24,32
25,0,38
33,33,33
86,14,0
100,0,0
28,23,30
28,17,17
56,22,22
28,3,0
88,12,0
83,17,0
50,33,17
43,48,9
50,17,33
50,33,17
100,0,0
76,24,0
52,17,30
27,41,27
76,19,5
45,15,36
40,12,24
33,28,14
54,25,21
22,26,52
17,0,17
50,33,17
100,0,0
71,14,14
33,50,0
18,32,26
83,17,0
84,9,7
67,33,0
33,44,22
33,20,36
91,0,9
64,32,5
67,33,0
56,26,17
28,20,32
87,9,4
67,0,33
55,23,23
100,0,0
34,20,32
32,41,27
31,22,47
48,43,10
20,10,40
88,12,0
44,33,22
23,9,18
44,22,33
44,22,33
20,60,20
45,39,5
75,12,12
33,17,33
33,33,33
56,43,0
62,12,25
33,17,33
87,10,3
50,25,25
36,18,36
95,0,5
14,14,28
24,32,32
0,0,20
67,33,0
33,0,67
18,12,0
64,25,0
63,24,13
56,43,0
10,9,12
75,25,0
67,22,0
73,27,0
33,33,0
35,21,35
35,31,35
0,0,20
28,28,28
22,30,32
83,17,0
38,31,31
100,0,0
73,12,15
0,20,20
48,28,5
67,22,11
42,35,19
50,40,10
16,13,1
67,17,17
19,9,2
38,25,38
48,36,16
75,25,0
43,28,0
83,17,0
41,28,6
100,0,0
40,0,40
31,26,28
100,0,0
38,24,19
64,28,9
45,14,41
83,17,0
67,17,17
86,14,0
44,33,0
27,50,23
44,17,34
14,14,38
15,14,1
28,21,38
56,28,14
44,22,33
28,0,71
56,0,38
14,35,37
100,0,0
100,0,0
22,33,44
55,14,27
71,26,2
42,28,21
25,38,0
33,10,19
67,33,0
28,14,28
50,33,17
48,10,43
67,33,0
28,1,0
38,33,26
28,19,43
31,31,38
68,23,9
67,33,0
70,22,5
32,27,41
28,34,28
67,17,17
73,18,9
36,10,52
100,0,0
52,28,19
0,10,0
43,28,28
21,26,28
90,10,0
100,0,0
33,0,67
33,17,50
67,17,17
50,50,0
68,32,0
17,4,25
39,9,33
74,21,5
33,33,33
71,28,0
50,33,17
19,10,56
37,34,28
100,0,0
27,18,50
21,31,38
64,20,5
83,0,0
83,17,0
56,44,0
17,10,4
75,15,10
83,0,17
50,33,17
61,16,24
71,10,19
83,0,17
83,0,17
17,7,69
20,0,40
38,33,28
25,5,1
25,6,0
38,22,33
14,5,71
17,33,33
40,21,30
50,33,17
41,23,36
67,17,17
75,25,0
86,14,0
24,35,15
42,33,25
0,0,0
59,14,27
100,0,0
37,35,22
71,0,14
100,0,0
28,6,54
27,9,64
52,34,7
67,28,5
83,17,0
81,9,9
48,38,14
0,0,0
56,44,0
10,14,7
56,43,0
78,22,0
74,26,0
31,31,38
39,0,30
77,18,5
86,14,0
18,28,28
50,50,0
33,50,17
81,19,0
75,12,12
24,28,45
17,26,34
86,14,0
41,0,55
55,32,14
33,17,50
67,0,33
44,33,22
83,17,0
19,23,56
28,0,43
67,33,0
38,12,50
64,36,0
17,17,33
20,40,40
51,30,19
100,0,0
24,38,24
42,30,26
65,13,22
22,8,1
41,41,18
37,33,30
95,5,0
66,24,10
30,9,55
24,24,51
70,30,0
43,14,43
77,23,0
0,20,40
21,42,37
21,32,24
53,18,22
50,33,0
44,33,22
83,17,0
75,12,12
71,28,0
50,23,27
50,33,17
35,13,43
62,25,12
20,7,18
0,0,0
32,32,23
23,5,64
83,0,17
100,0,0
38,14,38
49,19,32
40,20,28
81,14,5
22,44,33
56,28,14
35,22,17
81,15,4
100,0,0
40,60,0
62,12,25
82,18,0
50,17,33
71,14,14
10,33,28
32,45,23
0,0,20
22,22,56
67,33,0
33,50,0
71,24,5
89,11,0
48,28,19
42,18,18
50,50,0
88,0,12
28,28,43
33,44,22
88,12,0
43,24,33
67,17,17
33,0,67
19,0,43
33,0,67
17,17,33
78,22,0
38,38,24
43,24,28
33,0,67
40,0,60
50,0,50
39,17,28
74,22,4
81,14,1
100,0,0
62,12,25
38,24,38
70,30,0
40,36,24
32,27,41
55,27,14
17,0,33
56,22,22
47,20,31
13,6,12
14,15,2
62,0,38
39,26,24
100,0,0
35,17,26
17,0,0
26,30,37
50,50,0
86,14,0
33,33,33
7,7,17
90,8,0
38,12,0
100,0,0
69,23,8
74,26,0
24,7,69
15,18,44
44,19,30
71,28,0
62,12,17
62,25,0
50,50,0
56,39,5
70,23,7
50,5,0
24,21,28
56,33,11
23,12,54
50,33,17
77,23,0
79,17,5
56,35,9
64,20,8
33,0,50
95,5,0
100,0,0
83,17,0
78,22,0
32,41,27
26,38,31
50,50,0
44,44,11
72,12,16
44,56,0
46,17,28
83,0,17
78,22,0
78,20,2
33,33,33
9,12,11
24,5,44
61,22,17
67,33,0
26,15,51
80,13,7
59,16,18
26,3,0
56,33,11
95,5,0
33,33,28
22,19,43
9,14,7
77,9,14
14,5,36
62,15,0
56,26,15
33,33,0
75,25,0
50,33,17
71,28,0
46,37,15
43,28,28
59,23,18
41,25,32
67,17,17
84,16,0
43,28,26
52,31,17
17,0,0
30,9,40
100,0,0
16,7,60
4,10,15
4,7,20
18,5,73
67,17,17
73,23,5
6,15,35
33,38,28
43,30,14
93,7,0
38,50,12
100,0,0
4,7,20
36,17,38
33,17,0
18,28,28
26,9,28
75,12,12
36,32,23
37,26,37
33,33,33
67,17,17
52,28,14
42,37,21
40,32,15
28,2,0
6,6,19
67,17,17
50,25,25
30,10,10
71,14,14
60,20,20
14,43,14
82,18,0
33,17,33
75,12,12
83,17,0
33,19,44
100,0,0
33,33,17
22,15,41
78,22,0
56,5,0
22,11,44
23,9,50
33,33,33
41,23,36
19,10,24
21,4,33
83,17,0
80,20,0
95,5,0
50,38,9
100,0,0
62,25,0
56,28,14
43,43,14
88,12,0
25,7,68
71,28,0
38,38,24
67,17,17
50,17,33
39,36,14
78,19,4
33,17,50
67,33,0
43,0,28
28,41,6
33,0,50
100,0,0
83,17,0
33,0,67
100,0,0
79,21,0
100,0,0
23,7,52
44,22,0
38,25,38
83,12,5
75,12,12
67,17,17
48,32,15
40,40,20
0,0,0
43,39,19
41,48,7
20,20,60
47,24,20
72,25,2
67,17,17
32,26,18
60,34,6
56,43,0
10,0,60
83,17,0
50,17,33
100,0,0
77,23,0
33,0,67
43,14,38
80,20,0
64,25,11
100,0,0
69,14,6
27,9,49
76,0,0
50,33,17
83,17,0
75,0,25
33,50,17
26,13,43
67,33,0
38,33,14
49,28,23
22,7,26
50,17,33
100,0,0
46,32,20
62,25,12
34,14,48
66,17,17
52,24,24
100,0,0
52,33,14
39,34,27
100,0,0
50,33,17
40,28,31
89,11,0
66,34,0
30,15,39
50,33,17
75,25,0
22,11,67
11,14,51
41,27,32
0,0,0
50,25,25
44,32,0
47,18,12
12,12,0
100,0,0
75,12,12
41,26,28
33,33,33
38,24,38
88,12,0
50,33,17
30,49,22
11,11,22
25,32,30
15,25,38
62,30,8
92,8,0
60,10,0
75,25,0
41,23,36
78,22,0
50,17,33
56,33,11
100,0,0
38,12,38
56,33,7
83,17,0
27,41,32
61,27,11
100,0,0
88,12,0
19,24,50
32,26,42
75,25,0
83,0,17
36,9,32
60,20,20
86,14,0
67,17,17
56,33,10
68,27,5
83,17,0
56,44,0
21,16,63
80,20,0
100,0,0
50,33,17
32,35,9
60,25,15
62,12,12
83,17,0
43,43,13
100,0,0
73,27,0
88,12,0
41,5,36
62,38,0
20,17,40
100,0,0
50,12,38
86,14,0
10,12,8
39,17,17
53,32,16
11,33,44
67,12,17
27,20,30
70,18,12
23,5,59
33,17,50
33,17,50
75,12,12
33,0,67
75,25,0
100,0,0
17,0,67
50,26,0
56,22,11
71,28,0
83,17,0
98,2,0
44,28,3
14,14,14
50,12,38
50,25,25
68,9,0
100,0,0
26,7,31
64,14,23
34,23,36
67,33,0
60,40,0
67,22,11
32,14,27
33,17,50
100,0,0
71,14,0
83,17,0
88,12,0
38,18,21
7,9,14
33,50,17
50,50,0
55,27,18
71,28,0
70,28,2
61,20,13
50,33,17
50,15,30
43,23,20
36,13,49
62,12,25
15,8,33
50,14,36
55,32,14
59,30,0
0,0,38
18,18,45
75,0,25
60,40,0
50,25,25
88,12,0
52,23,14
27,23,41
61,28,11
22,24,32
36,27,36
43,14,28
59,18,23
41,32,3
83,17,0
67,0,33
33,33,17
16,2,16
64,36,0
100,0,0
88,12,0
44,33,22
33,17,50
43,28,28
24,0,33
74,24,2
100,0,0
47,33,21
63,37,0
71,28,0
32,13,47
0,0,11
38,21,28
20,40,40
40,0,20
50,33,0
59,34,7
56,28,14
14,5,67
23,23,50
24,24,40
60,16,4
56,28,0
71,28,0
50,17,33
67,33,0
26,2,52
40,19,40
67,17,17
45,27,27
56,24,19
100,0,0
82,12,5
56,44,0
62,14,24
93,7,0
37,16,47
55,24,21
43,14,38
0,0,0
56,38,5
43,28,28
22,0,0
33,18,31
23,15,42
33,33,33
24,24,28
24,38,15
28,13,50
52,10,38
44,24,9
100,0,0
43,33,24
75,21,4
33,38,26
7,13,11
43,56,0
67,33,0
18,14,41
33,19,43
32,44,0
43,28,14
67,33,0
86,0,14
33,17,33
82,7,0
56,14,28
71,28,0
83,0,17
46,33,17
40,33,26
32,32,12
42,38,20
67,24,10
20,5,27
40,14,42
87,4,0
38,50,12
33,33,33
0,12,75
50,50,0
28,38,33
53,33,13
38,32,6
38,25,38
23,0,77
50,28,12
44,33,22
38,19,38
60,40,0
88,12,0
56,39,4
6,10,15
76,14,10
73,27,0
62,12,12
67,17,17
57,42,0
53,24,0
80,20,0
26,4,0
88,0,12
50,50,0
100,0,0
50,38,0
0,25,25
55,23,23
68,32,0
42,20,35
71,28,0
33,33,33
23,14,27
33,17,33
31,28,36
100,0,0
64,32,5
64,27,9
33,67,0
81,15,4
51,27,20
14,0,28
20,20,60
33,17,50
38,19,43
28,20,51
13,13,36
11,11,33
33,0,33
91,9,0
67,33,0
56,14,28
4,4,20
33,22,44
33,33,33
35,28,30
80,0,0
23,36,41
40,60,0
3,9,18
100,0,0
36,32,16
44,31,25
28,18,50
36,9,47
45,23,32
71,28,0
33,17,33
67,28,5
67,33,0
56,18,3
36,14,36
68,30,2
93,7,0
96,1,0
88,12,0
14,11,32
41,50,9
100,0,0
67,14,19
16,5,27
28,28,18
83,0,17
43,0,43
9,16,5
67,0,33
54,28,17
41,28,28
40,20,40
69,22,2
30,40,0
28,5,46
100,0,0
0,0,0
12,15,50
48,22,26
31,34,14
100,0,0
41,28,28
20,33,7
75,12,12
33,33,33
62,36,2
65,12,0
100,0,0
89,11,0
83,17,0
56,0,43
17,17,50
48,14,38
40,60,0
56,44,0
33,17,50
50,36,14
42,35,23
28,14,48
80,20,0
45,24,31
67,17,17
28,14,0
33,33,24
28,23,40
43,19,33
88,0,12
40,14,33
14,5,56
52,22,26
67,0,33
67,17,17
100,0,0
46,38,17
33,17,33
12,4,38
20,20,40
62,38,0
13,9,52
67,0,0
11,23,64
27,18,55
28,10,19
25,0,12
56,44,0
59,14,23
46,25,28
36,41,16
48,19,33
26,31,38
100,0,0
70,13,17
100,0,0
50,33,0
39,45,5
56,28,14
26,23,18
24,10,67
15,15,44
56,28,14
42,25,25
33,0,50
0,0,28
16,15,0
4,3,24
50,33,17
35,17,26
50,17,33
38,25,0
43,34,21
62,38,0
100,0,0
32,9,50
17,0,33
62,25,12
20,20,60
10,7,14
56,22,22
24,5,43
60,0,40
50,33,17
56,22,22
100,0,0
38,5,56
34,15,34
50,33,17
32,18,50
71,14,14
71,24,5
44,22,33
9,8,13
75,0,25
33,17,50
86,14,0
44,23,31
60,40,0
83,17,0
18,32,26
60,20,0
34,19,47
33,56,11
50,20,20
28,0,62
43,56,0
14,5,41
37,33,28
97,0,0
56,26,17
62,12,12
7,9,15
80,20,0
33,50,17
66,20,14
5,8,18
50,14,32
62,28,10
11,44,33
88,12,0
43,40,17
39,9,48
56,44,0
67,21,4
27,7,64
100,0,0
28,35,12
71,24,5
67,33,0
50,0,50
41,18,36
26,35,35
38,27,33
33,17,50
18,28,28
65,32,0
71,6,0
83,17,0
16,8,26
33,17,50
50,17,31
53,24,0
33,17,50
100,0,0
30,12,56
48,14,38
0,20,10
68,21,5
33,24,43
56,14,28
50,33,17
33,33,33
33,14,49
100,0,0
27,12,57
50,17,33
62,12,25
83,17,0
21,28,26
7,14,10
38,62,0
71,0,28
50,0,50
56,24,20
33,50,17
56,28,14
73,19,7
83,17,0
27,14,59
36,9,41
52,27,9
44,11,44
18,28,28
71,28,0
21,17,54
7,14,10
100,0,0
50,33,17
21,38,18
59,31,10
71,24,5
51,28,21
62,38,0
75,0,25
23,18,41
56,11,33
33,0,67
33,14,52
71,28,0
6,9,15
43,17,35
0,0,0
24,41,12
41,25,34
71,14,14
11,11,9
59,27,14
48,22,30
24,20,56
75,25,0
100,0,0
43,33,24
100,0,0
100,0,0
67,17,17
48,32,12
14,19,14
43,19,33
50,0,50
32,18,32
100,0,0
83,17,0
30,13,20
43,18,30
44,32,24
87,12,2
32,32,37
50,33,17
26,24,26
65,26,9
76,21,2
100,0,0
67,33,0
33,0,50
36,14,14
33,17,43
27,23,46
60,40,0
41,32,27
14,7,63
11,0,78
36,19,33
39,26,26
97,0,0
33,33,33
5,8,18
33,17,0
62,12,25
38,22,24
33,17,50
32,15,47
33,23,42
43,17,39
88,12,0
42,47,8
15,13,44
45,31,24
17,0,0
48,13,30
33,7,59
100,0,0
0,0,0
40,20,40
33,39,13
6,3,6
81,19,0
44,56,0
59,18,23
28,17,40
43,25,30
100,0,0
78,22,0
67,33,0
25,0,12
23,23,41
22,11,0
9,6,56
81,19,0
77,21,1
67,33,0
40,35,21
61,13,22
63,35,2
83,0,17
28,45,18
41,17,39
100,0,0
43,30,17
23,45,23
36,5,36
71,14,14
87,4,0
36,5,41
47,24,22
88,0,12
50,17,33
100,0,0
42,23,26
67,33,0
61,27,12
0,0,0
100,0,0
83,17,0
28,33,33
35,38,3
75,12,12
100,0,0
68,32,0
32,43,23
20,9,1
50,17,33
48,35,17
50,17,33
88,12,0
14,5,28
62,25,12
43,19,24
67,33,0
33,36,31
52,22,9
67,33,0
67,17,17
83,17,0
22,38,38
100,0,0
88,0,12
71,28,0
88,10,2
70,30,0
40,21,33
35,9,56
51,38,4
33,0,33
43,14,43
33,17,33
33,21,38
50,21,21
83,17,0
65,28,0
38,25,38
17,33,33
4,9,18
62,38,0
59,32,9
33,14,52
56,22,22
50,33,17
9,11,11
23,5,45
33,21,36
17,12,1
52,18,16
88,0,12
82,12,5
70,19,9
56,44,0
21,18,35
62,21,17
100,0,0
50,27,23
72,18,10
59,32,9
100,0,0
50,33,17
13,12,6
32,23,45
50,25,25
0,14,14
80,20,0
19,21,44
50,25,25
54,21,25
82,18,0
50,38,12
17,0,17
56,28,14
33,33,0
45,36,19
76,19,5
74,3,0
17,0,0
50,25,25
66,28,6
14,5,24
20,0,10
67,22,11
67,11,22
31,9,53
23,5,36
56,0,14
61,11,27
17,17,17
83,17,0
38,12,12
23,18,46
26,18,47
19,26,50
28,18,51
100,0,0
23,23,55
83,0,17
88,12,0
100,0,0
75,12,12
20,20,20
63,9,28
88,0,12
21,23,49
83,0,17
25,5,1
0,12,0
97,3,0
33,10,10
47,16,37
96,4,0
48,24,28
15,13,4
18,0,18
0,0,40
14,17,46
33,17,17
85,11,4
14,7,9
50,0,50
61,17,22
88,0,12
0,0,0
56,23,15
43,28,21
74,25,1
64,4,32
91,9,0
83,0,17
13,10,7
88,12,0
41,26,9
48,14,38
62,38,0
87,4,0
50,17,17
20,20,40
32,15,38
21,13,37
82,14,5
17,0,33
17,17,33
70,30,0
67,11,22
10,10,19
32,15,47
26,33,40
83,17,0
67,33,0
67,24,4
76,24,0
56,33,11
9,12,10
59,27,14
33,0,67
62,38,0
43,28,28
46,27,27
31,0,0
18,24,21
100,0,0
31,28,28
28,5,62
44,30,26
75,12,12
36,23,36
32,38,6
56,44,0
37,26,30
31,26,43
100,0,0
60,20,20
48,48,2
48,24,28
44,33,22
88,0,12
56,22,22
38,16,38
80,19,2
35,28,6
43,0,14
28,36,36
33,5,38
0,11,0
100,0,0
53,19,28
44,28,26
19,14,43
67,0,33
59,19,0
92,8,0
75,12,12
48,48,5
79,21,0
32,19,25
78,22,0
88,0,12
50,17,33
85,10,6
50,0,50
75,25,0
62,8,21
88,7,1
75,0,25
75,12,12
52,31,17
22,33,44
33,33,33
56,26,17
64,25,11
23,23,41
67,33,0
24,14,56
35,48,13
39,26,35
27,9,53
55,18,27
24,35,9
22,22,44
54,27,20
89,11,0
0,20,20
67,17,17
62,28,10
14,28,14
95,5,0
50,33,17
100,0,0
80,10,0
73,9,18
52,19,10
0,38,12
45,32,23
26,14,51
56,30,12
81,13,6
72,22,5
48,30,22
100,0,0
21,11,47
67,17,17
82,18,0
15,12,37
50,33,17
14,12,28
31,33,28
100,0,0
28,5,43
32,28,15
50,50,0
55,14,32
75,0,12
38,31,28
91,0,0
27,13,20
62,38,0
83,0,17
24,6,1
17,0,50
32,36,9
86,12,0
23,14,36
55,23,23
89,11,0
46,22,22
82,18,0
64,30,0
31,0,0
65,19,16
86,7,0
50,17,33
28,42,30
59,18,0
100,0,0
24,22,51
62,25,12
31,21,43
35,9,31
49,23,28
32,18,41
17,50,17
74,9,17
32,28,32
50,50,0
33,21,42
33,50,17
12,0,50
49,21,30
24,0,48
86,14,0
27,14,18
56,28,14
50,25,25
33,50,17
55,36,9
50,24,24
45,18,27
77,9,9
33,16,36
100,0,0
65,22,13
33,22,33
67,17,17
59,36,5
21,35,18
33,33,33
67,33,0
24,33,43
12,10,8
43,28,0
38,24,38
47,16,35
48,30,22
100,0,0
67,0,33
33,25,25
68,18,14
16,12,2
50,33,17
65,22,13
11,22,44
100,0,0
56,21,21
80,10,10
75,0,25
12,7,47
64,18,18
49,28,23
48,19,28
38,43,19
33,50,17
0,25,62
32,18,32
100,0,0
24,11,65
31,19,46
100,0,0
53,35,9
33,33,33
43,17,35
100,0,0
45,13,32
28,19,52
0,25,38
50,26,24
38,0,0
77,23,0
28,14,43
46,22,26
83,17,0
62,28,10
52,38,10
7,17,7
32,9,55
59,17,19
75,12,12
82,9,9
88,0,12
31,33,36
18,11,53
64,27,9
48,19,33
44,44,12
33,0,50
40,40,20
20,0,20
60,33,7
42,45,13
39,18,36
27,30,41
79,0,21
30,18,25
21,28,45
32,31,37
61,36,2
50,50,0
88,12,0
28,41,6
77,23,0
75,22,2
12,12,50
61,22,17
100,0,0
43,27,30
32,18,36
68,28,4
11,14,62
100,0,0
47,24,3
32,26,42
83,17,0
33,0,67
78,22,0
27,24,45
22,18,38
36,16,44
48,19,28
83,17,0
44,11,22
100,0,0
55,32,9
19,14,19
92,8,0
33,0,33
72,21,8
67,0,33
50,50,0
41,9,50
56,26,19
34,32,34
98,2,0
61,31,8
76,19,5
69,20,7
43,28,28
43,28,24
62,17,21
85,12,2
33,11,56
53,20,18
83,17,0
100,0,0
50,0,50
88,0,12
83,0,17
14,26,51
56,14,28
8,11,22
33,7,48
59,18,18
50,0,50
70,0,20
26,11,50
33,11,11
24,14,48
33,17,50
23,9,59
67,17,17
67,33,0
78,15,8
21,3,45
82,18,0
80,15,5
50,25,25
100,0,0
89,11,0
24,0,52
38,24,38
13,12,6
5,2,25
43,19,33
75,25,0
38,38,12
33,0,17
73,23,5
53,21,21
69,28,2
82,14,5
26,5,0
95,5,0
100,0,0
33,17,33
33,22,44
47,28,26
31,11,44
56,0,43
69,28,2
67,33,0
22,27,49
44,56,0
50,17,33
43,43,14
100,0,0
33,17,50
28,10,56
100,0,0
56,43,0
32,14,50
33,17,33
36,27,36
48,40,12
89,11,0
59,36,5
83,0,17
50,25,0
36,36,27
59,28,12
20,40,40
50,24,3
48,21,27
67,17,17
14,14,43
23,27,45
56,39,4
16,22,56
52,28,19
50,17,33
28,44,3
100,0,0
24,33,43
67,28,6
83,0,17
65,35,0
76,0,0
67,17,17
65,12,0
38,24,38
50,25,12
25,0,0
100,0,0
87,4,0
45,37,11
100,0,0
37,17,39
75,25,0
35,17,39
52,19,28
68,27,5
86,14,0
33,0,50
35,19,37
66,21,13
51,39,10
89,11,0
0,0,12
33,33,33
17,17,64
30,4,22
88,9,0
50,23,9
23,14,64
67,33,0
33,33,17
15,9,7
33,28,38
31,40,28
67,31,2
24,32,16
17,0,17
70,30,0
4,11,21
20,0,10
88,0,12
26,4,48
33,0,67
62,12,25
18,3,51
88,12,0
39,41,17
33,17,50
90,10,0
50,17,21
33,40,26
71,28,0
100,0,0
26,23,45
28,10,19
50,17,33
93,7,0
86,14,0
95,5,0
56,33,11
76,0,0
98,2,0
37,27,37
31,12,56
33,0,67
75,25,0
62,12,25
80,20,0
48,24,28
78,22,0
100,0,0
63,37,0
41,23,36
64,32,5
56,44,0
88,0,12
100,0,0
56,43,0
67,33,0
33,0,17
43,0,14
85,15,0
87,13,0
100,0,0
43,28,24
50,17,33
54,22,25
56,44,0
50,33,17
24,24,52
5,9,17
74,17,9
43,33,19
24,14,52
50,17,33
33,17,50
40,0,20
25,25,38
11,44,44
64,20,4
30,0,40
100,0,0
32,15,30
33,19,38
70,22,7
18,16,32
88,12,0
71,28,0
33,0,67
31,12,56
83,17,0
54,28,15
20,0,0
30,30,11
33,33,33
56,26,17
42,24,24
50,17,33
45,32,23
71,21,0
23,0,27
31,14,28
60,40,0
53,21,3
40,28,33
67,17,17
17,12,62
16,5,51
25,10,56
28,24,33
43,14,43
33,17,50
23,28,44
57,28,12
20,40,40
92,8,0
0,0,20
54,22,15
50,33,17
38,14,38
86,14,0
71,14,14
41,32,27
100,0,0
48,28,24
38,28,33
50,0,50
50,17,33
83,17,0
96,4,0
67,33,0
4,11,15
19,5,43
56,20,22
100,0,0
38,25,32
21,5,26
33,14,48
50,0,50
27,23,50
100,0,0
62,12,25
50,33,17
35,20,39
22,33,44
70,0,30
80,20,0
78,22,0
39,11,35
33,0,50
38,25,12
71,28,0
79,21,0
56,22,0
43,43,14
53,28,18
41,39,20
67,17,8
28,6,33
33,7,60
60,35,5
35,17,41
56,28,14
68,9,23
71,28,0
18,26,32
35,12,28
28,0,28
100,0,0
26,33,36
88,12,0
35,25,38
75,12,12
73,27,0
41,20,20
33,19,37
27,9,64
100,0,0
22,9,0
64,27,9
50,33,17
22,22,56
90,5,2
21,18,50
67,0,33
45,19,32
43,38,19
80,7,10
21,9,1
75,12,12
40,25,35
59,32,9
83,17,0
75,22,0
100,0,0
62,38,0
100,0,0
26,4,1
38,38,25
7,15,9
71,14,14
33,33,33
36,32,32
96,3,0
82,18,0
77,18,5
67,33,0
74,26,0
60,0,40
32,41,23
100,0,0
67,11,22
50,17,33
33,17,33
21,13,39
67,17,17
100,0,0
56,28,14
17,0,33
33,17,50
71,0,0
56,43,0
75,12,12
18,12,0
33,13,50
100,0,0
50,32,18
22,22,56
26,26,26
56,44,0
56,24,19
38,28,33
33,50,17
50,32,18
100,0,0
67,33,0
67,17,17
31,44,21
44,19,37
0,0,0
50,17,0
88,12,0
89,11,0
88,0,12
100,0,0
33,17,33
53,20,15
62,12,12
50,50,0
70,28,2
50,27,23
60,40,0
86,14,0
33,33,33
34,9,42
61,17,22
11,0,67
71,24,5
71,0,28
62,25,12
60,40,0
36,41,23
43,5,43
39,20,41
75,12,0
38,14,33
33,20,26
33,0,67
52,19,28
50,14,36
17,0,0
44,56,0
27,36,27
19,43,19
38,50,0
3,3,22
56,33,11
49,40,12
0,0,0
33,17,50
62,25,12
100,0,0
33,17,50
9,15,26
27,32,34
76,19,5
10,19,28
38,12,0
17,12,1
26,20,55
88,0,12
100,0,0
83,0,17
83,0,17
75,0,0
24,16,30
67,17,17
90,0,0
7,7,16
38,14,48
78,22,0
38,21,33
89,11,0
95,5,0
42,21,37
40,20,40
100,0,0
12,0,0
27,24,49
30,22,41
26,13,34
67,16,16
71,14,14
18,9,50
88,12,0
42,20,38
80,20,0
34,16,32
38,18,38
20,60,0
100,0,0
17,0,0
33,0,67
41,27,32
50,17,33
100,0,0
56,21,0
56,28,14
50,50,0
67,24,10
100,0,0
56,14,28
56,28,14
33,17,50
27,27,44
48,28,24
22,15,34
18,32,26
67,17,17
41,14,32
83,17,0
52,24,12
67,22,11
30,16,38
26,24,50
61,26,13
46,15,35
100,0,0
83,17,0
36,26,33
50,17,33
100,0,0
57,24,7
70,17,13
7,17,7
33,17,50
50,50,0
50,50,0
17,17,17
8,12,11
34,18,34
60,36,4
36,45,7
23,9,68
62,12,25
53,21,3
88,0,12
50,33,17
25,12,62
100,0,0
100,0,0
67,17,17
88,10,2
75,25,0
75,0,25
33,17,50
41,48,11
100,0,0
14,16,42
83,0,17
36,45,18
22,22,56
0,20,20
38,38,0
50,33,17
27,23,32
48,35,17
50,33,17
50,14,36
23,5,64
56,44,0
32,9,59
65,6,6
83,17,0
62,12,25
24,17,43
9,14,7
67,17,17
37,22,35
12,24,41
50,0,50
6,12,12
14,7,70
16,24,50
59,36,5
33,33,22
16,21,51
17,33,33
33,17,50
23,5,36
33,67,0
11,26,47
40,0,20
33,33,33
17,50,17
32,5,55
14,0,36
33,11,56
92,5,3
20,60,20
33,0,33
75,0,25
48,17,35
50,0,50
68,14,18
33,0,33
80,10,10
28,56,0
33,43,24
35,2,52
19,22,31
33,50,17
28,23,40
45,30,25
28,24,48
34,23,43
83,0,17
55,14,27
91,9,0
40,9,33
33,0,67
100,0,0
33,33,33
23,8,0
59,14,27
71,14,0
26,10,55
33,10,24
56,36,0
71,0,28
27,5,68
72,21,7
51,16,30
53,16,30
33,67,0
83,17,0
87,0,13
38,30,32
17,0,50
71,13,0
83,0,17
48,9,43
75,12,12
30,22,49
51,21,26
50,38,12
61,17,22
30,19,45
36,15,36
50,24,26
50,33,17
17,17,50
26,21,31
62,21,17
71,28,0
27,27,31
82,11,0
100,0,0
70,0,30
50,31,19
71,14,14
41,31,24
100,0,0
33,33,0
86,14,0
28,14,56
47,35,19
75,12,12
17,17,17
55,45,0
95,5,0
61,35,4
88,0,12
32,20,25
23,14,45
33,24,43
65,9,3
53,28,13
26,27,47
33,17,50
62,12,25
40,14,45
100,0,0
30,1,0
83,17,0
10,13,44
44,44,11
19,10,1
67,33,0
86,5,9
33,17,50
33,33,33
100,0,0
35,31,20
46,21,33
74,9,9
56,5,38
27,18,36
28,14,52
64,14,23
89,11,0
44,31,25
23,32,41
67,17,17
20,20,60
75,12,12
23,23,36
67,33,0
75,12,12
68,32,0
67,0,33
83,0,17
30,20,30
43,43,14
100,0,0
30,11,51
55,18,27
0,0,0
75,12,12
12,9,9
44,40,8
89,11,0
48,43,10
26,8,42
45,14,31
44,26,6
20,60,0
67,17,17
56,31,12
50,0,50
19,5,24
21,16,42
68,32,0
27,28,44
7,9,15
22,4,60
43,13,43
41,9,32
81,9,9
74,13,4
80,20,0
33,33,33
36,23,30
59,27,14
43,14,43
0,0,20
100,0,0
8,0,83
31,0,0
38,9,53
51,22,11
32,38,6
100,0,0
28,11,41
71,12,8
44,33,22
62,38,0
10,14,67
33,17,50
30,19,36
89,0,0
28,10,48
89,11,0
28,26,36
67,17,17
22,2,30
83,14,0
100,0,0
49,23,19
83,0,17
100,0,0
50,12,25
44,33,22
56,21,0
59,23,18
83,17,0
100,0,0
100,0,0
48,39,13
28,12,49
32,40,20
15,15,44
43,19,38
78,22,0
86,14,0
39,22,37
33,67,0
14,5,77
28,43,14
100,0,0
33,17,50
56,11,0
28,20,36
21,0,33
50,23,23
62,16,21
75,12,12
39,34,23
55,24,21
43,14,43
50,17,33
90,0,0
83,17,0
39,30,28
61,34,5
50,32,18
36,20,36
45,28,26
100,0,0
95,5,0
67,0,33
65,22,10
40,22,25
36,5,23
38,19,37
27,14,50
18,3,21
30,7,36
49,20,31
100,0,0
86,14,0
59,18,23
36,32,14
27,50,14
15,14,2
40,26,35
33,17,50
24,11,38
50,0,50
86,14,0
27,20,51
0,20,40
78,22,0
64,18,18
34,14,41
33,17,50
50,41,9
46,34,20
28,17,47
50,25,0
39,17,35
97,3,0
75,12,12
48,40,12
57,38,4
62,25,12
34,27,39
63,27,10
50,33,17
50,33,17
83,17,0
88,12,0
100,0,0
78,22,0
50,0,0
32,24,21
9,13,9
3,2,26
28,24,43
22,44,33
82,14,5
17,33,33
12,13,5
36,24,20
67,33,0
52,32,15
45,9,45
21,28,49
50,38,12
16,11,73
62,38,0
52,24,24
43,0,43
100,0,0
64,27,9
36,41,18
38,19,33
52,15,32
71,0,28
83,17,0
50,17,33
100,0,0
41,5,55
19,11,1
40,20,40
33,0,17
67,33,0
44,22,33
23,23,50
27,27,41
100,0,0
100,0,0
39,25,30
49,38,7
56,14,28
100,0,0
30,9,55
28,24,48
87,6,7
25,9,48
67,17,17
71,28,0
33,33,33
65,22,13
52,14,33
12,10,67
0,0,0
100,0,0
60,30,0
40,42,15
50,17,17
86,9,5
5,1,27
56,20,15
71,14,14
32,21,47
30,4,39
66,24,10
45,18,36
11,0,0
40,16,44
59,18,0
67,17,17
50,0,50
43,43,14
15,21,41
61,36,3
12,12,0
23,9,67
50,0,50
64,5,32
36,24,36
83,17,0
50,33,17
62,23,15
17,42,42
45,34,19
60,32,8
85,7,7
75,12,12
83,0,17
89,11,0
59,24,17
26,4,1
28,30,40
40,20,40
60,10,30
83,17,0
75,12,12
41,14,41
35,22,35
30,41,20
44,32,0
67,10,24
71,14,14
59,18,23
50,33,17
82,18,0
50,33,17
50,50,0
50,17,33
24,14,33
31,11,24
68,32,0
83,17,0
62,25,12
100,0,0
33,56,11
50,34,16
78,11,0
75,25,0
24,24,52
38,26,31
100,0,0
36,50,14
56,36,5
45,30,25
33,5,56
67,33,0
82,18,0
24,21,55
75,12,12
18,12,1
32,13,43
50,17,33
62,12,25
28,10,56
20,20,20
67,22,0
0,0,25
75,0,12
74,3,0
100,0,0
100,0,0
67,33,0
50,17,17
75,0,25
46,13,26
41,11,43
35,23,40
100,0,0
20,40,40
24,10,62
50,28,17
50,33,17
46,24,28
41,32,27
43,56,0
19,10,38
43,14,43
28,28,14
71,24,5
48,10,24
61,30,9
67,33,0
8,11,12
43,14,14
91,9,0
32,51,17
83,17,0
83,17,0
67,33,0
37,23,37
32,22,39
34,44,22
17,0,33
33,33,33
100,0,0
0,11,0
83,0,17
50,50,0
26,31,43
37,24,34
14,0,0
7,17,7
33,0,50
100,0,0
100,0,0
94,6,0
28,28,33
88,12,0
88,0,12
33,50,17
94,6,0
50,33,17
36,27,18
88,0,12
75,12,12
76,0,0
50,23,27
50,17,33
31,17,38
16,12,59
71,14,14
20,40,40
56,14,28
11,13,50
24,38,15
24,7,56
23,9,55
50,23,27
47,40,14
56,14,14
75,25,0
56,44,0
35,13,39
48,14,38
50,33,17
56,14,28
44,27,20
11,0,78
71,14,14
33,0,33
75,0,25
100,0,0
71,6,0
100,0,0
50,17,33
38,21,33
33,17,50
20,0,16
36,17,28
17,67,0
67,33,0
59,23,18
100,0,0
67,17,17
44,33,22
33,17,17
32,28,15
57,25,8
44,26,30
21,15,56
26,17,50
12,6,53
56,14,14
27,18,50
89,11,0
100,0,0
17,0,33
76,17,7
30,30,38
40,0,40
33,11,0
88,0,12
59,34,7
75,20,5
68,27,5
26,32,42
27,14,50
42,23,33
67,17,17
45,23,32
96,4,0
50,8,42
33,24,28
75,25,0
36,20,44
46,38,15
28,33,40
86,14,0
100,0,0
15,18,35
25,12,38
40,0,60
100,0,0
83,17,0
56,19,24
20,20,60
33,33,0
55,45,0
55,24,19
33,14,49
59,32,9
24,14,52
36,14,45
44,56,0
88,12,0
43,28,24
45,27,27
43,43,14
70,26,4
62,0,38
20,40,40
32,14,23
33,33,33
60,40,0
68,24,7
100,0,0
40,33,26
40,20,0
56,9,35
50,33,17
63,31,6
32,55,14
62,33,5
88,0,12
55,19,19
83,17,0
27,27,30
32,32,32
80,20,0
100,0,0
86,0,14
78,22,0
28,38,33
17,17,50
33,33,33
66,22,12
30,13,40
75,12,12
88,12,0
43,0,56
71,28,0
41,32,27
50,33,17
31,16,42
59,18,0
100,0,0
52,33,14
71,21,8
75,25,0
20,32,16
27,16,38
67,17,17
95,5,0
33,17,33
78,22,0
83,17,0
86,14,0
34,24,41
32,23,41
50,35,15
96,4,0
56,43,0
43,10,38
33,56,11
32,18,32
38,38,25
28,4,26
95,5,0
43,43,14
100,0,0
100,0,0
4,5,21
34,37,28
76,0,0
75,25,0
83,17,0
55,35,10
64,36,0
90,10,0
18,11,55
30,11,45
82,13,3
50,32,18
12,0,62
19,21,49
10,15,7
33,11,22
67,0,33
100,0,0
36,24,32
40,31,24
33,19,48
100,0,0
62,38,0
100,0,0
22,22,0
83,0,17
20,20,60
72,15,13
55,28,17
31,7,52
47,23,30
41,8,38
0,20,40
76,13,10
10,0,0
36,27,36
0,20,60
100,0,0
36,38,26
33,0,67
55,27,18
33,17,40
43,33,24
75,12,12
50,17,33
12,0,0
32,9,59
25,12,38
80,20,0
32,14,39
68,9,0
78,22,0
56,11,33
67,0,33
11,12,8
56,38,5
33,33,33
59,32,9
88,0,12
50,17,33
48,34,18
21,12,38
50,17,33
50,25,25
83,17,0
18,45,18
67,0,33
67,17,17
100,0,0
50,40,10
67,33,0
33,17,33
40,31,28
60,20,12
56,28,14
35,19,39
89,11,0
50,17,17
13,13,71
18,12,0
12,12,31
77,23,0
33,0,67
0,0,12
83,17,0
50,33,17
67,0,17
33,17,33
50,0,50
67,22,11
36,14,32
49,40,9
67,0,33
65,12,0
61,30,9
61,22,17
20,9,48
30,13,43
32,22,44
88,0,12
100,0,0
41,7,41
100,0,0
67,17,17
11,13,7
44,44,11
17,0,50
30,17,22
60,40,0
50,33,17
83,17,0
76,5,5
26,23,49
68,22,10
67,0,33
64,30,0
83,17,0
19,24,45
62,25,12
24,10,62
43,14,43
27,7,61
56,43,0
65,17,9
42,40,19
12,35,28
9,12,9
67,17,17
50,0,33
44,28,24
52,22,22
33,17,50
47,16,37
30,20,20
33,33,33
100,0,0
20,10,1
0,0,20
50,50,0
33,19,48
86,0,14
28,21,38
100,0,0
88,12,0
50,33,17
33,33,17
71,0,14
50,50,0
71,0,28
100,0,0
68,32,0
100,0,0
67,28,5
67,17,17
67,17,17
61,39,0
43,56,0
40,20,20
48,28,24
89,11,0
48,24,27
68,14,18
88,12,0
86,14,0
82,18,0
43,19,33
49,31,20
33,56,11
67,33,0
33,50,17
52,33,14
26,38,36
45,30,19
56,28,14
73,27,0
67,33,0
38,28,33
70,0,20
88,12,0
39,26,17
60,0,40
81,19,0
36,32,32
74,3,0
28,10,55
22,4,9
47,32,21
48,20,16
62,25,12
52,22,26
42,21,28
0,0,20
78,22,0
50,28,12
50,36,14
56,44,0
62,15,0
86,14,0
50,17,33
56,33,11
15,13,3
41,32,23
98,2,0
48,17,4
75,12,12
14,43,43
67,17,17
88,7,4
83,17,0
50,5,36
35,17,48
21,42,37
9,6,16
15,14,2
80,20,0
17,0,0
33,5,28
56,28,14
52,5,38
50,17,33
71,19,10
92,8,0
33,24,19
100,0,0
8,18,5
17,17,67
28,5,28
56,22,22
62,25,12
75,0,25
73,23,5
89,11,0
86,14,0
45,18,32
35,24,33
18,8,53
50,17,33
32,9,55
100,0,0
88,12,0
67,21,4
11,8,12
20,11,50
36,27,36
88,0,12
38,10,30
35,4,30
33,46,18
68,18,14
26,26,34
28,49,23
56,33,11
50,50,0
50,50,0
61,37,3
26,30,38
22,19,36
27,9,50
60,27,13
36,18,14
87,13,0
100,0,0
70,22,9
56,21,0
33,28,38
67,17,17
88,0,12
65,30,5
55,40,2
88,12,0
50,45,5
31,17,50
60,40,0
0,12,38
88,12,0
50,17,33
100,0,0
20,25,22
14,0,0
83,0,17
32,48,20
0,0,12
75,12,12
100,0,0
56,43,0
77,23,0
25,16,59
61,30,9
69,28,2
33,17,50
100,0,0
60,21,19
36,30,33
37,17,28
100,0,0
83,17,0
83,17,0
33,50,17
48,43,10
75,12,12
27,15,39
55,27,14
38,23,38
77,16,4
60,10,10
32,27,39
70,21,9
83,17,0
44,34,7
33,25,40
39,22,30
19,28,24
43,24,33
82,12,6
62,12,25
33,33,33
33,17,50
73,23,5
31,12,50
67,0,33
50,27,23
83,0,17
100,0,0
28,14,56
26,21,42
100,0,0
28,0,43
81,19,0
62,12,0
100,0,0
56,14,28
43,28,28
49,33,18
4,4,23
100,0,0
34,37,28
56,22,22
60,40,0
31,0,0
52,26,22
75,25,0
75,0,25
71,28,0
33,17,50
22,11,0
35,15,44
17,0,0
75,12,12
86,14,0
20,0,80
86,14,0
89,11,0
76,22,2
59,15,3
38,12,0
67,24,9
25,25,25
44,33,22
55,30,5
33,33,17
54,27,20
32,9,55
83,0,17
72,12,16
56,28,14
27,18,50
75,12,12
17,17,56
28,43,28
21,19,48
41,27,32
62,17,21
21,11,57
54,32,15
50,27,23
67,33,0
100,0,0
95,5,0
23,14,45
46,25,27
52,30,13
100,0,0
40,0,60
88,0,12
28,17,49
16,8,7
56,12,7
33,14,53
71,28,0
100,0,0
78,10,10
83,17,0
71,14,14
71,14,14
83,0,0
85,9,5
50,27,23
50,0,33
24,35,12
14,5,48
74,15,11
33,0,67
47,26,28
40,19,41
69,24,5
30,32,27
26,4,65
24,16,52
44,34,22
24,5,28
17,10,67
33,28,37
62,12,25
33,0,50
62,31,7
55,9,36
83,17,0
61,17,22
68,9,0
71,6,0
57,26,16
20,12,0
38,8,50
19,14,24
71,0,28
55,32,14
38,38,25
33,22,44
18,26,32
32,23,32
31,18,51
43,22,30
83,17,0
67,26,7
92,5,0
41,23,32
50,25,25
24,20,28
91,9,0
85,15,0
71,0,0
34,15,34
40,32,16
35,30,27
25,25,12
75,12,12
65,22,4
67,0,33
35,24,18
28,14,28
67,33,0
33,17,50
37,26,32
83,0,17
43,28,28
86,14,0
33,22,37
28,38,9
50,0,50
33,0,50
12,12,4
33,0,33
67,31,2
56,26,14
87,4,0
28,14,33
62,14,19
13,18,13
28,12,59
35,30,25
9,0,27
100,0,0
83,8,0
40,20,38
80,20,0
91,9,0
41,35,0
68,32,0
74,16,11
67,0,33
55,34,11
33,0,67
67,24,10
14,0,0
31,20,47
86,0,14
21,14,45
59,22,17
67,11,22
40,40,0
75,25,0
83,17,0
100,0,0
54,35,11
32,27,41
33,33,33
45,33,21
5,9,9
55,23,23
40,16,38
42,4,28
68,19,13
39,22,39
67,0,33
18,27,50
32,45,23
41,15,30
55,40,5
50,17,33
71,14,14
50,25,0
52,27,11
45,25,25
60,40,0
0,0,0
16,12,3
70,20,0
88,0,0
67,33,0
50,32,14
72,25,3
71,14,14
83,17,0
18,16,62
76,24,0
33,0,67
52,9,30
20,20,60
33,33,33
24,53,0
40,28,33
73,27,0
17,33,33
50,33,17
76,10,14
75,0,25
33,50,17
27,23,32
88,12,0
59,32,5
67,17,17
0,0,0
70,20,0
100,0,0
83,0,17
37,23,40
39,25,36
67,0,0
62,12,12
62,23,15
30,21,47
75,12,12
44,28,3
78,22,0
38,0,12
75,12,12
22,0,78
27,0,68
48,43,9
33,17,50
21,33,47
91,0,0
33,24,43
44,56,0
100,0,0
67,0,0
50,17,33
50,17,33
38,0,62
100,0,0
64,18,18
88,12,0
51,37,12
100,0,0
42,30,28
10,10,11
56,30,13
67,17,17
88,12,0
86,14,0
86,14,0
55,41,5
70,16,7
12,32,32
71,10,19
67,33,0
11,11,22
50,23,27
38,26,36
50,24,3
33,33,33
85,15,0
36,16,49
50,25,25
91,4,4
38,38,24
19,19,38
83,17,0
50,25,25
100,0,0
80,10,10
32,26,42
100,0,0
43,17,37
88,0,12
60,26,14
55,35,8
18,9,3
71,28,0
75,25,0
86,0,14
56,0,28
19,38,43
83,17,0
75,12,12
56,22,22
20,0,0
5,7,19
65,19,15
83,17,0
31,12,55
38,4,54
36,36,5
52,14,33
91,9,0
47,24,24
95,5,0
56,43,0
82,12,6
52,26,21
57,16,23
88,12,0
23,18,27
62,25,12
15,15,0
11,0,11
17,0,83
41,28,28
50,33,17
68,27,5
40,21,19
71,14,14
44,19,30
56,28,14
9,9,12
75,0,25
33,11,22
39,55,6
33,14,52
0,0,12
28,10,5
90,0,0
25,25,12
67,25,8
14,0,0
40,20,40
41,35,0
20,0,0
13,21,39
50,17,33
22,11,67
36,30,34
37,22,39
44,34,10
24,32,21
43,14,43
67,33,0
56,28,14
17,0,67
78,22,0
33,17,50
75,12,12
75,0,12
79,16,5
26,24,43
57,36,6
100,0,0
20,0,20
97,3,0
77,18,5
41,11,36
49,19,31
75,12,12
50,33,17
36,32,27
67,22,11
0,12,0
75,12,12
50,50,0
79,16,5
45,0,55
17,17,50
33,17,50
33,0,33
100,0,0
71,14,14
50,50,0
100,0,0
24,0,8
20,40,40
67,19,14
33,0,67
68,9,0
33,17,50
28,28,33
14,9,45
59,23,18
48,5,38
50,0,50
22,24,13
88,12,0
50,17,33
68,20,12
20,40,40
34,34,32
56,0,14
33,0,33
0,0,60
30,13,46
88,0,12
100,0,0
56,34,9
46,33,12
59,32,9
20,11,0
40,28,32
43,14,43
62,12,25
38,28,33
86,0,14
67,17,17
0,33,33
36,18,45
71,28,0
92,8,0
41,9,5
88,12,0
68,9,0
33,17,50
59,41,0
76,3,0
34,9,41
59,27,14
38,19,38
53,18,25
80,20,0
31,36,26
33,0,67
75,25,0
21,18,37
50,25,25
42,14,44
44,23,33
67,0,33
78,22,0
50,23,27
50,0,50
50,30,0
100,0,0
33,33,33
76,8,8
50,50,0
79,21,0
17,17,33
0,44,0
43,38,19
38,52,10
86,0,0
40,50,10
41,37,22
76,19,5
56,22,22
65,32,2
33,17,50
88,12,0
59,18,23
71,6,0
83,17,0
60,10,20
8,16,7
50,17,33
26,26,44
4,3,24
52,19,28
33,10,52
20,20,40
100,0,0
39,30,30
68,14,18
56,19,20
32,9,36
35,6,59
33,50,17
18,18,45
36,18,45
70,18,0
96,4,0
41,25,23
16,32,53
74,3,0
20,0,60
67,33,0
55,14,27
100,0,0
16,13,1
88,12,0
78,22,0
20,9,45
67,17,17
74,15,11
86,14,0
41,18,41
28,10,48
24,24,28
68,27,5
44,34,22
95,5,0
36,18,40
24,7,0
89,11,0
50,33,17
83,17,0
33,24,33
33,0,67
5,4,21
73,14,14
27,14,41
45,22,33
38,0,12
22,4,30
48,27,25
27,13,40
17,0,67
23,8,38
25,12,62
62,25,12
27,23,41
28,28,38
10,20,60
67,17,17
33,33,17
0,0,0
81,19,0
70,13,17
33,17,50
75,0,25
23,9,25
67,17,17
50,17,33
71,28,0
57,28,14
21,26,53
40,20,40
62,28,10
33,24,41
50,33,17
18,9,56
90,10,0
28,0,14
89,11,0
52,24,24
33,0,33
33,17,50
37,26,28
28,24,24
96,4,0
19,10,1
67,17,17
69,28,0
32,19,38
61,22,17
33,14,52
33,0,67
63,32,5
36,20,32
100,0,0
50,45,5
33,17,50
88,10,2
14,28,28
100,0,0
18,21,38
67,0,33
50,14,36
67,17,17
57,35,7
50,50,0
100,0,0
89,0,0
4,11,16
88,0,12
67,17,17
19,5,71
45,18,23
20,40,40
73,24,3
23,18,45
18,5,32
67,17,17
23,23,45
4,4,20
20,20,0
43,25,32
80,20,0
62,12,25
61,27,11
64,27,9
88,0,12
85,15,0
50,50,0
43,26,13
48,26,26
50,17,33
44,44,11
24,5,19
50,33,17
33,33,33
33,33,33
43,19,38
33,17,33
67,17,17
22,12,28
0,33,0
27,24,49
55,27,18
24,19,43
26,18,50
0,20,20
27,5,36
55,18,27
36,23,41
67,33,0
32,18,45
80,20,0
100,0,0
52,20,20
38,38,25
26,24,26
33,33,33
97,3,0
50,33,17
67,17,0
78,22,0
64,32,5
38,49,8
23,5,50
100,0,0
33,17,50
33,19,38
44,19,30
100,0,0
95,5,0
42,33,25
40,36,12
40,8,52
98,2,0
45,30,25
67,17,17
42,15,15
77,23,0
50,17,33
93,7,0
50,0,25
76,13,10
20,28,44
25,0,0
68,32,0
100,0,0
70,28,0
32,5,55
70,26,4
33,22,44
50,41,5
33,17,50
32,15,51
12,17,66
56,11,22
67,33,0
27,18,41
14,14,24
38,24,38
14,13,4
32,50,0
50,17,17
27,27,27
15,38,24
37,37,26
83,17,0
26,19,55
36,20,39
67,33,0
67,33,0
44,22,0
56,14,28
75,20,5
62,12,25
8,6,16
67,17,17
28,5,62
83,0,17
44,20,34
36,32,32
4,4,21
75,12,12
100,0,0
75,25,0
98,2,0
43,35,22
57,37,5
76,22,2
22,11,0
67,22,11
83,17,0
66,23,4
71,6,0
56,28,14
33,0,17
18,15,41
36,9,36
82,15,0
67,33,0
44,44,11
50,33,17
28,0,43
56,28,14
88,0,12
28,19,52
37,27,32
38,25,25
32,25,42
56,44,0
21,15,49
67,17,17
52,48,0
50,33,17
41,27,18
42,17,42
67,33,0
75,12,12
32,41,27
33,33,33
32,11,49
100,0,0
9,17,49
33,17,50
81,14,5
28,10,48
56,43,0
17,33,17
100,0,0
24,19,30
50,33,17
46,9,22
33,17,50
71,28,0
56,31,12
67,0,33
50,17,33
38,25,12
35,17,43
28,10,48
25,0,46
33,19,47
23,9,60
74,22,4
40,25,25
100,0,0
43,33,24
44,14,40
56,33,11
33,17,50
33,33,0
38,33,28
50,33,17
75,12,12
34,34,9
43,38,19
62,25,12
20,60,20
14,14,49
100,0,0
67,17,17
100,0,0
56,12,16
56,22,22
67,33,0
57,11,32
30,13,43
80,20,0
20,60,20
61,20,14
42,26,33
23,9,36
23,5,25
75,25,0
40,31,22
67,17,17
39,28,16
40,40,20
43,28,28
19,5,24
10,11,9
88,0,12
83,17,0
56,14,28
28,43,24
32,5,59
43,43,14
28,5,56
70,30,0
83,17,0
83,17,0
33,0,67
39,28,22
55,28,16
40,20,40
88,12,0
12,14,70
32,15,28
33,17,50
83,0,17
40,19,40
48,48,5
34,22,44
27,14,27
31,10,33
33,17,50
33,33,33
61,26,10
67,17,17
67,33,0
67,33,0
62,19,14
44,56,0
62,0,24
23,9,67
56,35,8
56,39,4
50,25,25
48,31,21
67,33,0
75,25,0
60,35,5
49,7,38
25,16,55
24,12,40
33,43,24
32,5,59
62,12,12
83,9,0
74,3,0
0,0,20
28,11,24
98,2,0
25,18,32
44,0,56
70,26,4
42,45,13
67,17,17
67,17,17
75,12,12
53,33,14
33,33,33
75,25,0
91,4,4
76,24,0
24,21,32
20,70,10
53,42,5
83,17,0
32,9,45
83,0,17
62,25,12
44,44,11
62,28,9
33,11,56
62,25,12
71,10,19
80,15,5
52,22,26
100,0,0
55,41,5
67,17,17
100,0,0
23,32,45
50,50,0
23,14,45
75,25,0
9,3,59
65,12,0
14,5,19
68,23,0
67,33,0
76,0,0
48,20,8
22,11,67
74,26,0
81,19,0
75,12,12
43,26,28
37,21,37
6,5,20
0,14,0
33,0,17
9,16,5
8,0,49
33,33,33
28,0,43
0,50,25
52,26,21
100,0,0
76,19,5
60,20,20
100,0,0
56,28,14
45,23,32
38,25,12
70,22,9
71,0,0
78,19,4
62,25,0
40,40,20
50,33,17
26,13,39
83,17,0
43,28,28
50,0,0
30,14,51
47,28,26
40,8,44
64,36,0
68,17,12
16,8,28
39,35,26
67,17,17
80,0,0
10,20,62
67,33,0
67,17,17
47,28,0
45,32,22
56,28,15
21,24,18
51,14,32
89,0,0
67,17,17
35,31,27
50,33,17
83,0,17
21,37,42
33,28,33
38,50,12
67,33,0
45,28,28
96,4,0
78,19,4
23,23,27
50,26,0
100,0,0
22,67,11
50,17,33
83,0,17
44,41,15
41,18,32
23,9,59
59,18,23
31,28,33
23,14,64
61,30,9
56,31,12
24,32,21
33,11,56
86,0,14
100,0,0
32,37,28
37,15,37
83,0,0
28,12,60
33,50,17
75,25,0
2,1,23
20,0,40
14,5,28
30,9,45
0,20,20
64,24,12
42,37,21
89,9,2
52,43,5
62,15,18
90,0,0
83,17,0
41,36,18
52,5,38
72,20,8
50,12,38
38,25,0
74,9,17
83,0,17
68,20,12
75,12,12
21,10,60
25,12,25
27,23,50
23,23,50
68,22,10
12,12,0
10,9,12
15,32,49
33,0,33
14,0,14
50,24,17
100,0,0
28,0,51
50,33,17
50,33,17
1,6,20
38,24,38
32,42,25
90,10,0
68,5,27
17,17,33
56,38,5
84,16,0
18,18,59
100,0,0
33,17,50
88,0,12
59,27,14
33,50,0
45,36,18
43,0,28
100,0,0
22,67,11
44,44,11
67,17,17
62,15,0
34,23,28
20,7,18
33,50,17
56,25,18
16,11,53
48,30,22
50,17,33
0,12,62
100,0,0
49,18,27
52,30,7
33,0,50
50,12,38
100,0,0
56,21,0
57,38,4
67,11,11
28,26,12
41,18,36
50,17,33
18,4,21
43,48,10
32,32,36
28,9,50
